ORF	Energy
Q0010	
Q0017	
Q0032	
Q0045	
Q0050	
Q0055	
Q0060	
Q0065	
Q0070	
Q0075	
Q0080	
Q0085	
Q0092	
Q0105	
Q0110	
Q0115	
Q0120	
Q0130	
Q0140	
Q0142	
Q0143	
Q0144	
Q0160	
Q0182	
Q0250	
Q0255	
Q0275	
Q0297	
YAL001C	
YAL002W	-19.02
YAL003W	-2.45
YAL004W	-558.46
YAL005C	-4.83
YAL007C	-12.56
YAL008W	-9.30
YAL009W	-3.46
YAL010C	-4.29
YAL011W	-6.62
YAL012W	-1.75
YAL013W	-7.86
YAL014C	-12.15
YAL015C	-0.14
YAL016C-A	
YAL016C-B	
YAL016W	-19.54
YAL017W	
YAL018C	-7.25
YAL019W	-33.75
YAL019W-A	
YAL020C	-5.51
YAL021C	-14.53
YAL022C	-2.46
YAL023C	-19.81
YAL024C	
YAL025C	-4.70
YAL026C	-18.83
YAL026C-A	
YAL027W	-11.11
YAL028W	-8.22
YAL029C	-32.11
YAL030W	-2.45
YAL031C	-6.41
YAL031W-A	
YAL032C	-1.70
YAL033W	-1.24
YAL034C	-209.55
YAL034C-B	
YAL034W-A	-9.69
YAL035W	-3.51
YAL036C	-10.12
YAL037C-A	-47.72
YAL037C-B	
YAL037W	-23.92
YAL038W	-2.39
YAL039C	-7.80
YAL040C	-49.29
YAL041W	-13.94
YAL042C-A	
YAL042W	-2.69
YAL043C	-8.23
YAL044C	-0.78
YAL044W-A	-4.05
YAL045C	
YAL046C	-1.95
YAL047C	-5.81
YAL047W-A	-81.48
YAL048C	
YAL049C	-7.46
YAL051W	-6.10
YAL053W	-21.25
YAL054C	-9.17
YAL055W	-0.08
YAL056C-A	
YAL056W	-12.33
YAL058W	-8.70
YAL059C-A	
YAL059W	-2.05
YAL060W	-6.13
YAL061W	-11.19
YAL062W	-3.21
YAL063C	
YAL063C-A	-226.18
YAL064C-A	
YAL064W	
YAL064W-B	-205.32
YAL065C	
YAL066W	
YAL067C	-3.31
YAL067W-A	
YAL068C	
YAL068W-A	
YAL069W	
YAR002C-A	-1.99
YAR002W	-4.96
YAR003W	-15.40
YAR007C	-12.90
YAR008W	-22.69
YAR014C	-43.18
YAR015W	-10.88
YAR018C	-7.81
YAR019C	-5.94
YAR019W-A	
YAR020C	
YAR023C	-125.33
YAR027W	-6.09
YAR028W	-6.24
YAR029W	-310.48
YAR030C	
YAR031W	
YAR033W	-12.35
YAR035C-A	
YAR035W	-1.78
YAR042W	-3.34
YAR047C	
YAR050W	
YAR053W	
YAR060C	
YAR064W	
YAR066W	
YAR068W	
YAR069C	
YAR070C	
YAR071W	
YAR073W	
YAR075W	
YBL001C	-5.27
YBL002W	-1.44
YBL003C	-2.36
YBL004W	
YBL005W	-21.14
YBL006C	-1.43
YBL006W-A	
YBL007C	-14.77
YBL008W	-13.74
YBL008W-A	
YBL009W	-10.63
YBL010C	-5.17
YBL011W	-23.69
YBL012C	
YBL013W	
YBL014C	-7.00
YBL015W	-11.28
YBL016W	
YBL017C	
YBL018C	-5.29
YBL019W	-9.66
YBL020W	-11.25
YBL021C	-3.61
YBL022C	-31.16
YBL023C	-9.47
YBL024W	-3.21
YBL025W	-7.76
YBL026W	-9.29
YBL027W	-5.61
YBL028C	-3.72
YBL029C-A	-13.67
YBL029W	
YBL030C	-15.86
YBL031W	-5.36
YBL032W	-11.71
YBL033C	-1.97
YBL034C	
YBL035C	-16.88
YBL036C	-1.84
YBL037W	-16.18
YBL038W	-15.16
YBL039C	-11.88
YBL039C-A	-231.19
YBL039W-B	-44.40
YBL040C	-6.56
YBL041W	-6.15
YBL042C	-11.99
YBL043W	-17.57
YBL044W	
YBL045C	-26.67
YBL046W	-1.97
YBL047C	-38.24
YBL048W	
YBL049W	-15.49
YBL050W	-10.67
YBL051C	-14.53
YBL052C	-50.53
YBL053W	
YBL054W	-27.78
YBL055C	-118.86
YBL056W	-15.30
YBL057C	-7.81
YBL058W	-9.19
YBL059C-A	-1.26
YBL059W	
YBL060W	-5.56
YBL061C	-24.75
YBL062W	
YBL063W	-2.47
YBL064C	-5.33
YBL065W	
YBL066C	-9.85
YBL067C	-33.32
YBL068W	-10.39
YBL068W-A	-309.30
YBL069W	-17.23
YBL070C	
YBL071C	
YBL071C-B	
YBL071W-A	-5.71
YBL072C	-5.06
YBL073W	
YBL074C	-2.05
YBL075C	-37.26
YBL076C	-3.32
YBL077W	
YBL078C	-4.01
YBL079W	
YBL080C	-10.44
YBL081W	-55.09
YBL082C	-10.63
YBL083C	-345.06
YBL084C	
YBL085W	-41.56
YBL086C	-14.07
YBL087C	-5.67
YBL088C	
YBL089W	-5.27
YBL090W	-2.53
YBL091C	-8.74
YBL091C-A	-0.38
YBL092W	-3.33
YBL093C	-14.20
YBL094C	-243.27
YBL095W	-6.51
YBL096C	-374.21
YBL097W	-16.83
YBL098W	
YBL099W	-51.70
YBL100C	
YBL100W-C	-11.13
YBL101C	-22.07
YBL102W	-27.28
YBL103C	-53.42
YBL104C	-0.54
YBL105C	-63.78
YBL106C	-5.48
YBL107C	-3.98
YBL107W-A	
YBL108C-A	
YBL108W	
YBL109W	
YBL111C	
YBL112C	
YBL113C	
YBL113W-A	
YBR001C	-24.59
YBR002C	-2.77
YBR003W	-11.23
YBR004C	-2.93
YBR005W	-9.95
YBR006W	-16.13
YBR007C	-13.48
YBR008C	-55.60
YBR009C	-2.77
YBR010W	-1.00
YBR011C	-1.88
YBR012C	
YBR013C	
YBR014C	-6.71
YBR015C	-22.20
YBR016W	-3.77
YBR017C	-12.37
YBR018C	-1.94
YBR019C	-3.95
YBR020W	-6.31
YBR021W	-22.73
YBR022W	-11.99
YBR023C	-39.72
YBR024W	-19.58
YBR025C	-12.47
YBR026C	-4.86
YBR027C	
YBR028C	-13.20
YBR029C	-13.02
YBR030W	-18.34
YBR031W	-0.87
YBR032W	-205.72
YBR033W	-15.52
YBR034C	-2.86
YBR035C	-4.76
YBR036C	-9.64
YBR037C	-7.17
YBR038W	-3.06
YBR039W	-15.25
YBR040W	
YBR041W	-8.14
YBR042C	-15.55
YBR043C	-29.41
YBR044C	-12.62
YBR045C	-22.31
YBR046C	-1.65
YBR047W	-9.84
YBR048W	-6.30
YBR049C	-17.01
YBR050C	-29.48
YBR051W	
YBR052C	-5.17
YBR053C	-3.47
YBR054W	-40.67
YBR055C	-4.08
YBR056C-B	
YBR056W	-3.67
YBR056W-A	-2.26
YBR057C	-19.10
YBR058C	-8.75
YBR058C-A	-6.17
YBR059C	-29.34
YBR060C	-13.87
YBR061C	-3.31
YBR062C	-1.22
YBR063C	-109.90
YBR064W	
YBR065C	-7.86
YBR066C	-7.90
YBR067C	-3.82
YBR068C	-6.28
YBR069C	-20.84
YBR070C	-10.00
YBR071W	-5.25
YBR072C-A	
YBR072W	-2.91
YBR073W	
YBR074W	-1.10
YBR076C-A	-60.18
YBR076W	
YBR077C	-12.37
YBR078W	-22.29
YBR079C	-4.44
YBR080C	-5.75
YBR081C	
YBR082C	-3.72
YBR083W	-54.46
YBR084C-A	-12.35
YBR084W	-7.10
YBR085C-A	-5.72
YBR085W	-18.76
YBR086C	-65.07
YBR087W	-4.10
YBR088C	-3.76
YBR089C-A	-3.26
YBR089W	
YBR090C	
YBR091C	-8.52
YBR092C	-4.12
YBR093C	-8.35
YBR094W	-11.12
YBR095C	-11.44
YBR096W	-12.04
YBR097W	
YBR098W	-3.80
YBR099C	-335.03
YBR101C	-6.12
YBR102C	-12.31
YBR103C-A	
YBR103W	-26.12
YBR104W	-18.19
YBR105C	-3.40
YBR106W	-3.32
YBR107C	-13.63
YBR108W	-8.06
YBR109C	-2.66
YBR109W-A	-1.21
YBR110W	-45.33
YBR111C	-9.91
YBR111W-A	-8.63
YBR112C	-28.75
YBR113W	
YBR114W	-22.63
YBR115C	
YBR116C	
YBR117C	
YBR118W	-10.67
YBR119W	-5.51
YBR120C	-10.17
YBR121C	-19.61
YBR121C-A	-254.14
YBR122C	-6.27
YBR123C	-12.98
YBR124W	
YBR125C	
YBR126C	-13.07
YBR126W-A	-2.94
YBR126W-B	-18.06
YBR127C	-12.05
YBR128C	-12.32
YBR129C	-9.75
YBR130C	-14.76
YBR131C-A	
YBR131W	-2.89
YBR132C	-28.01
YBR133C	-39.39
YBR134W	
YBR135W	-17.55
YBR136W	
YBR137W	-9.66
YBR138C	-13.14
YBR139W	-1.72
YBR140C	
YBR141C	-5.01
YBR141W-A	-8.20
YBR142W	-11.68
YBR143C	-4.26
YBR144C	
YBR145W	-6.72
YBR146W	-11.84
YBR147W	-20.35
YBR148W	
YBR149W	-7.68
YBR150C	
YBR151W	-34.24
YBR152W	-10.06
YBR153W	-13.80
YBR154C	-11.82
YBR155W	-9.77
YBR156C	-15.19
YBR157C	-205.68
YBR158W	-29.78
YBR159W	-7.79
YBR160W	-12.40
YBR161W	-53.09
YBR162C	-17.85
YBR162W-A	-9.52
YBR163W	-33.37
YBR164C	-22.43
YBR165W	-22.85
YBR166C	-10.45
YBR167C	-6.60
YBR168W	-27.29
YBR169C	-5.92
YBR170C	-8.95
YBR171W	-4.52
YBR172C	-7.84
YBR173C	-1.94
YBR174C	-185.17
YBR175W	-2.26
YBR176W	-15.15
YBR177C	-2.41
YBR178W	-12.33
YBR179C	-13.34
YBR180W	
YBR181C	-7.60
YBR182C	-28.79
YBR182C-A	-9.10
YBR183W	-20.54
YBR184W	-0.31
YBR185C	-6.62
YBR186W	
YBR187W	-28.27
YBR188C	-8.14
YBR189W	-4.19
YBR190W	
YBR191W	-3.72
YBR191W-A	-235.41
YBR192W	-29.01
YBR193C	-5.67
YBR194W	-13.39
YBR195C	-2.08
YBR196C	-4.93
YBR196C-A	
YBR196C-B	
YBR197C	-4.00
YBR198C	-10.79
YBR199W	-22.30
YBR200W	-10.82
YBR200W-A	
YBR201C-A	-34.40
YBR201W	-24.66
YBR202W	-11.66
YBR203W	-48.41
YBR204C	-12.79
YBR205W	-5.48
YBR206W	-287.86
YBR207W	-13.25
YBR208C	
YBR209W	
YBR210W	-6.77
YBR211C	
YBR212W	-52.44
YBR213W	-14.17
YBR214W	-8.36
YBR215W	-12.01
YBR216C	-2.85
YBR217W	-10.83
YBR218C	-11.80
YBR219C	
YBR220C	-11.79
YBR221C	-39.14
YBR221W-A	
YBR222C	-12.00
YBR223C	-3.56
YBR223W-A	
YBR224W	
YBR225W	
YBR226C	
YBR227C	-6.10
YBR228W	-0.63
YBR229C	-1.71
YBR230C	-4.62
YBR230W-A	-0.61
YBR231C	-5.84
YBR232C	
YBR233W	-10.18
YBR233W-A	-13.03
YBR234C	-6.28
YBR235W	-21.70
YBR236C	-6.16
YBR237W	-11.04
YBR238C	-18.19
YBR239C	-34.17
YBR240C	
YBR241C	-6.17
YBR242W	-22.66
YBR243C	-9.34
YBR244W	-2.34
YBR245C	
YBR246W	-9.79
YBR247C	-3.10
YBR248C	-14.04
YBR249C	-15.21
YBR250W	
YBR251W	-4.91
YBR252W	-2.13
YBR253W	-11.65
YBR254C	-5.01
YBR255C-A	-7.02
YBR255W	-7.06
YBR256C	-6.38
YBR257W	-7.94
YBR258C	-4.08
YBR259W	-14.45
YBR260C	-0.71
YBR261C	-1.86
YBR262C	-9.98
YBR263W	-4.42
YBR264C	-3.47
YBR265W	-7.85
YBR266C	
YBR267W	-4.65
YBR268W	-10.72
YBR269C	-1.72
YBR270C	-52.75
YBR271W	-9.46
YBR272C	-1.12
YBR273C	-4.92
YBR274W	-17.17
YBR275C	
YBR276C	-18.45
YBR277C	
YBR278W	-3.36
YBR279W	-6.39
YBR280C	-11.31
YBR281C	-6.20
YBR282W	-6.68
YBR283C	-27.01
YBR284W	
YBR285W	-4.76
YBR286W	-2.33
YBR287W	-8.28
YBR288C	-5.83
YBR289W	-1.60
YBR290W	-6.94
YBR291C	-5.99
YBR292C	
YBR293W	-86.90
YBR294W	
YBR295W	-2.71
YBR296C	-10.17
YBR296C-A	
YBR297W	-11.54
YBR298C	-105.09
YBR298C-A	
YBR299W	-3.85
YBR300C	
YBR301W	
YBR302C	
YCL001W	-5.52
YCL001W-A	
YCL001W-B	
YCL002C	-10.00
YCL004W	-14.70
YCL005W	-12.04
YCL005W-A	-3.18
YCL007C	
YCL008C	-3.82
YCL009C	-6.84
YCL010C	-5.06
YCL011C	-13.42
YCL012C	-2.96
YCL014W	
YCL016C	-4.06
YCL017C	-18.56
YCL018W	-3.87
YCL021W-A	-13.43
YCL022C	
YCL023C	
YCL024W	
YCL025C	-8.35
YCL026C-A	-15.59
YCL026C-B	-3.94
YCL027W	-34.28
YCL028W	-7.09
YCL029C	-13.58
YCL030C	-11.61
YCL031C	-6.04
YCL032W	-8.39
YCL033C	-0.66
YCL034W	-9.86
YCL035C	-3.83
YCL036W	-2.64
YCL037C	-10.19
YCL038C	-15.12
YCL039W	-3.48
YCL040W	-3.73
YCL041C	
YCL042W	
YCL043C	-10.14
YCL044C	-3.03
YCL045C	-4.27
YCL046W	
YCL047C	-1.45
YCL048W	
YCL048W-A	
YCL049C	-11.07
YCL050C	-5.49
YCL051W	-57.99
YCL052C	-10.87
YCL054W	-2.96
YCL054W-A	
YCL055W	-3.78
YCL056C	-2.43
YCL057C-A	-2.96
YCL057W	-4.11
YCL058C	
YCL058W-A	-5.52
YCL059C	-5.69
YCL061C	-13.51
YCL063W	-4.20
YCL064C	-3.04
YCL065W	
YCL066W	
YCL067C	
YCL068C	
YCL069W	
YCL073C	
YCL076W	
YCR001W	
YCR002C	-5.96
YCR003W	-4.35
YCR004C	-8.52
YCR005C	-7.88
YCR006C	-100.17
YCR007C	-159.22
YCR008W	-99.18
YCR009C	-9.63
YCR010C	-44.17
YCR011C	-8.43
YCR012W	-5.45
YCR013C	
YCR014C	
YCR015C	-4.39
YCR016W	-2.73
YCR017C	-8.10
YCR018C	
YCR018C-A	
YCR019W	-23.78
YCR020C	-100.27
YCR020C-A	-5.14
YCR020W-B	-6.03
YCR021C	-8.30
YCR022C	-76.66
YCR023C	-13.96
YCR024C	-4.60
YCR024C-A	-26.52
YCR024C-B	-43.03
YCR025C	-126.32
YCR026C	-12.70
YCR027C	-41.85
YCR028C	-20.56
YCR028C-A	-8.24
YCR030C	-16.98
YCR031C	-2.38
YCR032W	
YCR033W	
YCR034W	-4.11
YCR035C	-3.90
YCR036W	-1.36
YCR037C	-10.28
YCR038C	
YCR038W-A	
YCR039C	
YCR040W	
YCR041W	
YCR042C	
YCR043C	-9.94
YCR044C	-1.21
YCR045C	-33.04
YCR045W-A	-172.21
YCR046C	-5.79
YCR047C	-12.37
YCR047W-A	
YCR048W	-8.90
YCR049C	
YCR050C	
YCR051W	-5.69
YCR052W	-7.25
YCR053W	-10.29
YCR054C	-3.59
YCR057C	-9.08
YCR059C	-3.27
YCR060W	
YCR061W	-5.40
YCR063W	-2.96
YCR064C	-1.82
YCR065W	-12.61
YCR066W	-9.23
YCR067C	-21.01
YCR068W	-34.06
YCR069W	-29.67
YCR071C	-8.38
YCR072C	-1.15
YCR073C	-16.99
YCR073W-A	-2.01
YCR075C	-5.49
YCR075W-A	-1.22
YCR076C	-2.04
YCR077C	-17.04
YCR079W	-11.69
YCR081C-A	
YCR081W	
YCR082W	-13.33
YCR083W	-7.66
YCR084C	-39.14
YCR085W	
YCR086W	-6.45
YCR087C-A	-8.23
YCR087W	
YCR088W	-4.58
YCR089W	
YCR090C	-7.71
YCR091W	-12.29
YCR092C	-13.22
YCR093W	
YCR094W	-10.20
YCR095C	-13.07
YCR095W-A	-31.39
YCR096C	
YCR097W	-1.41
YCR097W-A	
YCR098C	-10.55
YCR099C	-26.88
YCR100C	
YCR101C	
YCR102C	-11.04
YCR102W-A	
YCR104W	
YCR105W	
YCR106W	-5.55
YCR107W	-151.55
YCR108C	
YDL001W	-10.93
YDL002C	-11.85
YDL003W	-13.26
YDL004W	-12.32
YDL005C	-11.05
YDL006W	-64.51
YDL007C-A	
YDL007W	-5.37
YDL008W	-0.94
YDL009C	
YDL010W	-6.38
YDL011C	
YDL012C	-1.66
YDL013W	-42.69
YDL014W	-14.01
YDL015C	-6.45
YDL016C	
YDL017W	-11.41
YDL018C	-13.37
YDL019C	-41.05
YDL020C	-53.19
YDL021W	-1.42
YDL022C-A	
YDL022W	-11.63
YDL023C	
YDL024C	-4.06
YDL025C	-38.77
YDL025W-A	-29.23
YDL026W	
YDL027C	-6.97
YDL028C	-21.23
YDL029W	-2.24
YDL030W	-14.08
YDL031W	-11.69
YDL032W	
YDL033C	-11.27
YDL034W	
YDL035C	-57.40
YDL036C	-3.20
YDL037C	
YDL039C	
YDL040C	-8.60
YDL041W	-12.73
YDL042C	-9.78
YDL043C	-4.97
YDL044C	-2.54
YDL045C	-28.36
YDL045W-A	-2.27
YDL046W	-5.56
YDL047W	
YDL048C	-9.77
YDL049C	-16.60
YDL050C	
YDL051W	-4.60
YDL052C	-7.08
YDL053C	-14.59
YDL054C	-10.80
YDL055C	-22.91
YDL056W	
YDL057W	-2.10
YDL058W	
YDL059C	
YDL060W	
YDL061C	-5.52
YDL062W	
YDL063C	-18.90
YDL064W	-8.41
YDL065C	-1.25
YDL066W	-4.54
YDL067C	-6.28
YDL068W	
YDL069C	-32.48
YDL070W	-7.01
YDL071C	
YDL072C	-5.87
YDL073W	-39.65
YDL074C	-21.18
YDL075W	-4.31
YDL076C	-19.11
YDL077C	
YDL078C	-6.53
YDL079C	-4.16
YDL080C	-30.60
YDL081C	-6.20
YDL082W	-6.37
YDL083C	-4.15
YDL084W	-26.42
YDL085C-A	-9.19
YDL085W	-7.13
YDL086C-A	-42.55
YDL086W	-1.04
YDL087C	-2.06
YDL088C	-20.11
YDL089W	-65.90
YDL090C	-2.97
YDL091C	-13.67
YDL092W	-4.17
YDL093W	-14.51
YDL094C	-508.67
YDL095W	-5.96
YDL096C	
YDL097C	-11.99
YDL098C	-12.01
YDL099W	-8.32
YDL100C	-5.39
YDL101C	-6.14
YDL102W	-13.77
YDL103C	-11.05
YDL104C	-2.34
YDL105W	-11.06
YDL106C	-11.03
YDL107W	-5.24
YDL108W	-5.16
YDL109C	
YDL110C	-6.85
YDL111C	-16.05
YDL112W	
YDL113C	-13.98
YDL114W	
YDL114W-A	
YDL115C	-10.95
YDL116W	-10.62
YDL117W	-45.82
YDL118W	
YDL119C	-8.23
YDL120W	-15.57
YDL121C	-3.20
YDL122W	-51.77
YDL123W	-18.06
YDL124W	-9.89
YDL125C	-43.67
YDL126C	-11.67
YDL127W	-5.73
YDL128W	-10.39
YDL129W	-22.72
YDL130W	-2.48
YDL130W-A	-1.66
YDL131W	-6.12
YDL132W	
YDL133C-A	-8.54
YDL133W	-29.42
YDL134C	-95.15
YDL135C	-8.54
YDL136W	-2.62
YDL137W	-15.03
YDL138W	-33.00
YDL139C	-2.21
YDL140C	
YDL141W	-46.12
YDL142C	-16.55
YDL143W	-6.74
YDL144C	-12.33
YDL145C	-48.22
YDL146W	-18.84
YDL147W	-11.19
YDL148C	-2.21
YDL149W	-7.24
YDL150W	-21.52
YDL151C	
YDL152W	
YDL153C	-9.62
YDL154W	
YDL155W	-24.67
YDL156W	-18.65
YDL157C	-7.23
YDL158C	-129.42
YDL159C-B	
YDL159W	-11.89
YDL159W-A	
YDL160C	-36.55
YDL160C-A	-8.40
YDL161W	-3.85
YDL162C	
YDL163W	
YDL164C	-4.89
YDL165W	-6.36
YDL166C	-7.07
YDL167C	-14.75
YDL168W	-7.85
YDL169C	-6.69
YDL170W	-2.55
YDL171C	
YDL172C	
YDL173W	
YDL174C	-6.06
YDL175C	-5.13
YDL176W	-30.73
YDL177C	-13.94
YDL178W	-7.99
YDL179W	-14.48
YDL180W	-15.18
YDL181W	-11.77
YDL182W	-6.06
YDL183C	-12.36
YDL184C	-5.91
YDL185C-A	
YDL185W	-22.18
YDL186W	
YDL187C	-188.70
YDL188C	-31.80
YDL189W	-16.82
YDL190C	-34.91
YDL191W	-4.87
YDL192W	-10.85
YDL193W	-12.51
YDL194W	
YDL195W	-23.49
YDL196W	
YDL197C	-18.23
YDL198C	-5.98
YDL199C	-7.16
YDL200C	-6.18
YDL201W	-8.66
YDL202W	-14.86
YDL203C	-47.44
YDL204W	-114.71
YDL205C	-39.84
YDL206W	-20.43
YDL207W	-8.55
YDL208W	-2.18
YDL209C	-3.93
YDL210W	
YDL211C	-18.74
YDL212W	-5.77
YDL213C	-4.11
YDL214C	-34.77
YDL215C	-17.78
YDL216C	-3.05
YDL217C	-38.55
YDL218W	-91.16
YDL219W	-5.43
YDL220C	-2.81
YDL221W	-250.00
YDL222C	-253.77
YDL223C	
YDL224C	-83.39
YDL225W	-8.55
YDL226C	-2.88
YDL227C	
YDL228C	
YDL229W	-6.62
YDL230W	-9.57
YDL231C	
YDL232W	-5.00
YDL233W	-2.77
YDL234C	-28.51
YDL235C	-23.15
YDL236W	-7.21
YDL237W	-9.37
YDL238C	-8.64
YDL239C	
YDL240C-A	
YDL240W	-33.17
YDL241W	-6.55
YDL242W	
YDL243C	-177.81
YDL244W	
YDL245C	
YDL246C	
YDL247W	
YDL247W-A	
YDL248W	-0.43
YDR001C	-41.56
YDR002W	-2.60
YDR003W	-4.70
YDR003W-A	-86.51
YDR004W	
YDR005C	-17.13
YDR006C	-23.94
YDR007W	-17.91
YDR008C	
YDR009W	-16.43
YDR010C	-93.01
YDR011W	
YDR012W	-5.25
YDR013W	-3.15
YDR014W	-8.39
YDR014W-A	
YDR015C	
YDR016C	-8.38
YDR017C	-9.62
YDR018C	-7.91
YDR019C	-5.60
YDR020C	-22.96
YDR021W	-11.17
YDR022C	-6.71
YDR023W	-6.27
YDR024W	
YDR025W	-5.55
YDR026C	-31.45
YDR027C	-30.44
YDR028C	-97.96
YDR029W	
YDR030C	-2.41
YDR031W	-4.15
YDR032C	-5.08
YDR033W	-27.98
YDR034C	-26.57
YDR034C-A	
YDR034W-B	-2.73
YDR035W	-4.36
YDR036C	-5.33
YDR037W	-9.28
YDR038C	
YDR039C	
YDR040C	
YDR041W	-2.51
YDR042C	-9.13
YDR043C	
YDR044W	-4.69
YDR045C	-26.86
YDR046C	-27.78
YDR047W	-49.56
YDR048C	-523.69
YDR049W	-11.93
YDR050C	-1.16
YDR051C	-7.46
YDR052C	-40.60
YDR053W	
YDR054C	-36.65
YDR055W	-6.45
YDR056C	-16.68
YDR057W	-1.46
YDR058C	-4.12
YDR059C	-3.91
YDR060W	-8.50
YDR061W	-11.72
YDR062W	-79.76
YDR063W	-15.30
YDR064W	-2.39
YDR065W	-4.00
YDR066C	-18.23
YDR067C	-8.41
YDR068W	-11.03
YDR069C	-13.16
YDR070C	-19.44
YDR071C	-6.16
YDR072C	-28.44
YDR073W	-23.25
YDR074W	-17.34
YDR075W	-41.30
YDR076W	-8.21
YDR077W	-4.21
YDR078C	-6.58
YDR079C-A	-8.17
YDR079W	-3.66
YDR080W	-3.00
YDR081C	-20.71
YDR082W	-23.67
YDR083W	-4.46
YDR084C	-9.70
YDR085C	-20.14
YDR086C	-14.16
YDR087C	-8.28
YDR088C	-39.64
YDR089W	-17.90
YDR090C	-13.37
YDR091C	-6.82
YDR092W	-6.71
YDR093W	
YDR094W	-470.33
YDR095C	
YDR096W	-13.20
YDR097C	-12.78
YDR098C	
YDR099W	-5.10
YDR100W	-7.06
YDR101C	-3.98
YDR102C	
YDR103W	-133.70
YDR104C	
YDR105C	-7.87
YDR106W	-3.69
YDR107C	-3.86
YDR108W	-9.23
YDR109C	-34.38
YDR110W	-9.54
YDR111C	-43.26
YDR112W	
YDR113C	-16.34
YDR114C	
YDR115W	-7.96
YDR116C	-7.51
YDR117C	-6.16
YDR118W	-6.72
YDR118W-A	-487.96
YDR119W	-18.85
YDR119W-A	-4.01
YDR120C	-2.77
YDR121W	-25.21
YDR122W	-59.21
YDR123C	-13.97
YDR124W	-163.03
YDR125C	-19.13
YDR126W	-0.58
YDR127W	-10.37
YDR128W	
YDR129C	-6.90
YDR130C	-5.69
YDR131C	-11.46
YDR132C	-10.63
YDR133C	-45.81
YDR135C	-11.27
YDR136C	
YDR137W	-27.46
YDR138W	-0.96
YDR139C	-11.39
YDR140W	-3.77
YDR141C	
YDR142C	-34.67
YDR143C	-29.43
YDR144C	-29.81
YDR145W	-16.11
YDR146C	-34.65
YDR147W	-15.52
YDR148C	-15.34
YDR149C	
YDR150W	
YDR151C	-20.28
YDR152W	-7.34
YDR153C	-13.21
YDR154C	-82.78
YDR155C	-1.37
YDR156W	-10.25
YDR157W	-141.42
YDR158W	-3.42
YDR159W	
YDR160W	
YDR161W	-7.01
YDR162C	-12.78
YDR163W	
YDR164C	-8.44
YDR165W	-8.20
YDR166C	-11.17
YDR167W	-3.89
YDR168W	-6.31
YDR169C	-76.46
YDR169C-A	
YDR170C	
YDR171W	-9.97
YDR172W	-9.31
YDR173C	-12.23
YDR174W	-6.74
YDR175C	-6.21
YDR176W	-4.52
YDR177W	-14.97
YDR178W	-20.54
YDR179C	-0.65
YDR179W-A	-17.45
YDR180W	-38.65
YDR181C	-3.63
YDR182W	-4.61
YDR182W-A	-0.15
YDR183C-A	-183.31
YDR183W	-3.56
YDR184C	-8.59
YDR185C	-16.65
YDR186C	-16.68
YDR187C	
YDR188W	-11.28
YDR189W	-6.86
YDR190C	-8.02
YDR191W	-3.45
YDR192C	-11.49
YDR193W	
YDR194C	-3.05
YDR194W-A	
YDR195W	-47.82
YDR196C	-5.99
YDR197W	-4.73
YDR198C	-2.06
YDR199W	
YDR200C	-15.99
YDR201W	-3.85
YDR202C	-8.70
YDR203W	
YDR204W	-5.39
YDR205W	-6.84
YDR206W	-63.74
YDR207C	
YDR208W	-26.91
YDR209C	
YDR210W	-3.56
YDR211W	-4.79
YDR212W	-11.07
YDR213W	-46.02
YDR214W	-20.67
YDR215C	-23.52
YDR216W	
YDR217C	
YDR218C	
YDR219C	-33.48
YDR220C	
YDR221W	-6.04
YDR222W	-40.73
YDR223W	-43.28
YDR224C	-3.08
YDR225W	-11.30
YDR226W	-5.60
YDR227W	-20.34
YDR228C	-16.20
YDR229W	-11.56
YDR230W	
YDR231C	-7.49
YDR232W	-47.75
YDR233C	-7.84
YDR234W	-8.31
YDR235W	-1.40
YDR236C	-16.10
YDR237W	-32.03
YDR238C	-5.12
YDR239C	-10.29
YDR240C	-2.19
YDR241W	
YDR242W	-25.08
YDR243C	-4.98
YDR244W	-2.03
YDR245W	-20.87
YDR246W	-1.22
YDR246W-A	
YDR247W	-40.88
YDR248C	-15.44
YDR249C	-16.16
YDR250C	
YDR251W	-54.68
YDR252W	-0.54
YDR253C	-39.72
YDR254W	-15.71
YDR255C	-10.19
YDR256C	-5.97
YDR257C	-5.36
YDR258C	-3.87
YDR259C	-46.75
YDR260C	-9.41
YDR261C	-14.78
YDR262W	-0.56
YDR263C	-14.45
YDR264C	-10.25
YDR265W	-44.54
YDR266C	-49.80
YDR267C	-11.11
YDR268W	-10.81
YDR269C	
YDR270W	-18.00
YDR271C	
YDR272W	-5.71
YDR273W	-75.18
YDR274C	
YDR275W	-195.60
YDR276C	-4.25
YDR277C	-19.39
YDR278C	
YDR279W	-9.25
YDR280W	-12.04
YDR281C	-11.49
YDR282C	-4.91
YDR283C	
YDR284C	-54.41
YDR285W	
YDR286C	-7.58
YDR287W	-8.94
YDR288W	-10.06
YDR289C	-3.60
YDR290W	
YDR291W	
YDR292C	-29.36
YDR293C	
YDR294C	-9.16
YDR295C	-34.54
YDR296W	-7.71
YDR297W	-7.98
YDR298C	-30.95
YDR299W	-4.33
YDR300C	-10.33
YDR301W	-10.68
YDR302W	-6.13
YDR303C	-58.79
YDR304C	-4.21
YDR305C	-168.92
YDR306C	-4.18
YDR307W	-5.53
YDR308C	-1.84
YDR309C	-9.50
YDR310C	-57.38
YDR311W	-4.76
YDR312W	-4.63
YDR313C	-15.03
YDR314C	-5.77
YDR315C	-11.65
YDR316W	-8.03
YDR317W	-5.17
YDR318W	-5.51
YDR319C	-8.31
YDR320C	-4.97
YDR320C-A	-3.76
YDR320W-B	-60.03
YDR321W	-8.32
YDR322C-A	-7.06
YDR322W	-3.73
YDR323C	-4.01
YDR324C	
YDR325W	-7.46
YDR326C	
YDR327W	
YDR328C	-8.15
YDR329C	-8.82
YDR330W	-13.13
YDR331W	-6.64
YDR332W	-4.68
YDR333C	-4.36
YDR334W	
YDR335W	-83.80
YDR336W	-5.25
YDR337W	-12.24
YDR338C	-7.62
YDR339C	-2.90
YDR340W	
YDR341C	-8.70
YDR342C	-11.89
YDR343C	-11.80
YDR344C	
YDR345C	-6.28
YDR346C	-34.11
YDR347W	-23.94
YDR348C	-34.72
YDR349C	-16.30
YDR350C	-13.04
YDR351W	-8.89
YDR352W	-37.79
YDR353W	-4.67
YDR354C-A	
YDR354W	-11.99
YDR355C	
YDR356W	-13.42
YDR357C	-20.17
YDR358W	-8.36
YDR359C	-80.26
YDR360W	
YDR361C	-5.06
YDR362C	-24.92
YDR363W	-35.36
YDR363W-A	-3.82
YDR364C	-2.86
YDR365C	-21.38
YDR366C	
YDR367W	-8.46
YDR368W	-6.57
YDR369C	-6.67
YDR370C	-4.96
YDR371C-A	
YDR371W	-15.62
YDR372C	-49.59
YDR373W	
YDR374C	
YDR374W-A	-6.78
YDR375C	-6.03
YDR376W	-12.66
YDR377W	-12.84
YDR378C	-3.57
YDR379C-A	-3.01
YDR379W	-23.63
YDR380W	-15.88
YDR381C-A	-0.26
YDR381W	-11.13
YDR382W	-12.11
YDR383C	-1.87
YDR384C	-16.40
YDR385W	-5.35
YDR386W	-2.78
YDR387C	-26.07
YDR388W	-11.73
YDR389W	-107.93
YDR390C	-2.72
YDR391C	-12.08
YDR392W	-13.82
YDR393W	-7.86
YDR394W	-17.64
YDR395W	-21.53
YDR396W	
YDR397C	-11.30
YDR398W	-13.31
YDR399W	-8.35
YDR400W	-7.63
YDR401W	
YDR402C	
YDR403W	-9.22
YDR404C	-34.82
YDR405W	-5.22
YDR406W	
YDR406W-A	
YDR407C	-23.00
YDR408C	-12.45
YDR409W	
YDR410C	-6.60
YDR411C	-7.50
YDR412W	-11.98
YDR413C	
YDR414C	-44.26
YDR415C	-6.06
YDR416W	-11.00
YDR417C	
YDR418W	-3.98
YDR419W	-0.55
YDR420W	
YDR421W	-16.23
YDR422C	-18.50
YDR423C	-3.52
YDR424C	-1.33
YDR425W	-9.34
YDR426C	
YDR427W	-5.82
YDR428C	-6.88
YDR429C	-3.60
YDR430C	-15.64
YDR431W	
YDR432W	-4.34
YDR433W	-218.54
YDR434W	-18.61
YDR435C	-1.99
YDR436W	-25.12
YDR437W	-13.06
YDR438W	-5.99
YDR439W	-19.90
YDR440W	-29.54
YDR441C	-30.96
YDR442W	-3.21
YDR443C	
YDR444W	-15.69
YDR445C	
YDR446W	
YDR447C	-2.76
YDR448W	-1.19
YDR449C	-6.70
YDR450W	-6.29
YDR451C	-3.41
YDR452W	-38.94
YDR453C	-12.61
YDR454C	-3.51
YDR455C	
YDR456W	-11.36
YDR457W	
YDR458C	-8.61
YDR459C	-22.21
YDR460W	-30.83
YDR461C-A	-2.32
YDR461W	-1.64
YDR462W	-3.40
YDR463W	-4.87
YDR464C-A	
YDR464W	
YDR465C	-13.80
YDR466W	-21.56
YDR467C	-210.62
YDR468C	-17.99
YDR469W	-4.20
YDR470C	-23.04
YDR471W	-3.72
YDR472W	-14.71
YDR473C	-9.23
YDR475C	-16.54
YDR476C	-10.87
YDR477W	-56.58
YDR478W	-1.20
YDR479C	-10.77
YDR480W	
YDR481C	-7.76
YDR482C	-12.56
YDR483W	-11.95
YDR484W	-6.62
YDR485C	-10.16
YDR486C	-3.65
YDR487C	-4.17
YDR488C	
YDR489W	-4.32
YDR490C	-23.48
YDR491C	
YDR492W	-28.97
YDR493W	-11.97
YDR494W	-11.99
YDR495C	-9.69
YDR496C	-3.95
YDR497C	-18.01
YDR498C	-6.95
YDR499W	-5.03
YDR500C	-1.93
YDR501W	-17.12
YDR502C	-5.73
YDR503C	-15.44
YDR504C	-361.08
YDR505C	-27.87
YDR506C	-7.14
YDR507C	-1.59
YDR508C	-7.58
YDR509W	
YDR510C-A	
YDR510W	-12.43
YDR511W	-3.66
YDR512C	
YDR513W	-4.33
YDR514C	-18.31
YDR515W	-44.47
YDR516C	-11.99
YDR517W	-14.26
YDR518W	-4.38
YDR519W	-4.60
YDR520C	-13.37
YDR521W	
YDR522C	
YDR523C	
YDR524C	-20.78
YDR524C-A	-142.00
YDR524C-B	-0.80
YDR524W-C	
YDR525W	
YDR525W-A	-12.44
YDR526C	
YDR527W	-8.24
YDR528W	-57.63
YDR529C	-6.43
YDR530C	-17.58
YDR531W	-14.64
YDR532C	-1.11
YDR533C	-0.86
YDR534C	-10.66
YDR535C	-86.71
YDR536W	-6.62
YDR537C	
YDR538W	-169.38
YDR539W	-8.39
YDR540C	-18.72
YDR541C	-28.73
YDR542W	
YDR543C	
YDR544C	
YDR545C-A	
YDR545W	
YEL001C	-8.67
YEL002C	-15.20
YEL003W	-1.41
YEL004W	-6.64
YEL005C	-8.69
YEL006W	-3.30
YEL007W	
YEL008C-A	-13.68
YEL008W	-30.94
YEL009C	-77.50
YEL009C-A	
YEL010W	
YEL011W	-1.90
YEL012W	-17.71
YEL013W	-50.38
YEL014C	
YEL015W	-6.46
YEL016C	-53.01
YEL017C-A	-4.09
YEL017W	-3.37
YEL018C-A	
YEL018W	-1.05
YEL019C	
YEL020C	
YEL020C-B	
YEL020W-A	-4.73
YEL021W	-2.51
YEL022W	-10.79
YEL023C	-126.20
YEL024W	-10.06
YEL025C	
YEL026W	-13.37
YEL027W	-8.42
YEL028W	-128.39
YEL029C	-17.89
YEL030C-A	
YEL030W	
YEL031W	-3.46
YEL032C-A	
YEL032W	-9.23
YEL033W	
YEL034C-A	-8.38
YEL034W	-3.32
YEL035C	
YEL036C	-34.38
YEL037C	-23.41
YEL038W	-4.52
YEL039C	-27.01
YEL040W	-4.57
YEL041W	-20.97
YEL042W	-28.60
YEL043W	-8.67
YEL044W	-12.63
YEL045C	
YEL046C	-11.72
YEL047C	
YEL048C	-4.73
YEL049W	-38.96
YEL050C	-9.00
YEL050W-A	
YEL051W	-12.28
YEL052W	-9.76
YEL053C	-17.79
YEL053W-A	
YEL054C	-3.78
YEL055C	-14.01
YEL056W	-9.53
YEL057C	-13.89
YEL058W	-7.58
YEL059C-A	-11.15
YEL059W	-71.46
YEL060C	-10.82
YEL061C	-18.50
YEL062W	-3.97
YEL063C	-43.61
YEL064C	-9.71
YEL065W	-7.54
YEL066W	-4.50
YEL067C	-53.49
YEL068C	-11.82
YEL069C	
YEL070W	-0.55
YEL071W	-6.36
YEL072W	-25.58
YEL073C	-4.50
YEL074W	
YEL075C	
YEL075W-A	
YEL076C	
YEL076C-A	
YEL077C	
YEL077W-A	
YER001W	-13.17
YER002W	-5.66
YER003C	-3.09
YER004W	-25.04
YER005W	-4.47
YER006C-A	
YER006W	-5.33
YER007C-A	-7.59
YER007W	-6.82
YER008C	
YER009W	-5.24
YER010C	-1.66
YER011W	-3.73
YER012W	-8.14
YER013W	
YER014C-A	
YER014W	-6.24
YER015W	-6.07
YER016W	-5.03
YER017C	-21.22
YER018C	-3.82
YER019C-A	-13.92
YER019W	-105.18
YER020W	-11.42
YER021W	-4.16
YER022W	-3.19
YER023C-A	
YER023W	-2.02
YER024W	-3.00
YER025W	-8.15
YER026C	-2.53
YER027C	-16.11
YER028C	-12.53
YER029C	-10.39
YER030W	-2.64
YER031C	-9.09
YER032W	-18.45
YER033C	
YER034W	-4.04
YER035W	-5.86
YER036C	-4.59
YER037W	-2.68
YER038C	-3.44
YER038W-A	-9.64
YER039C	-40.87
YER039C-A	-4.42
YER040W	-8.62
YER041W	-15.61
YER042W	-4.65
YER043C	-3.59
YER044C	-10.56
YER044C-A	
YER045C	-47.94
YER046W	-14.23
YER046W-A	
YER047C	
YER048C	-14.15
YER048W-A	-15.85
YER049W	-15.20
YER050C	-12.55
YER051W	-2.49
YER052C	-9.47
YER053C	-21.69
YER053C-A	-2.51
YER054C	-126.10
YER055C	-12.83
YER056C	-11.85
YER056C-A	-5.53
YER057C	-2.84
YER058W	-8.14
YER059W	-29.49
YER060W	-35.74
YER060W-A	
YER061C	-9.05
YER062C	-14.22
YER063W	-10.90
YER064C	-12.89
YER065C	-58.55
YER066C-A	
YER066W	-247.82
YER067C-A	
YER067W	-20.81
YER068C-A	
YER068W	-9.97
YER069W	-11.16
YER070W	-6.27
YER071C	-1.80
YER072W	-4.13
YER073W	-14.92
YER074W	-3.70
YER074W-A	-4.19
YER075C	-26.95
YER076C	-22.40
YER076W-A	
YER077C	
YER078C	-38.63
YER078W-A	
YER079C-A	
YER079W	-5.89
YER080W	-7.01
YER081W	-50.11
YER082C	-8.84
YER083C	-4.49
YER084W	
YER084W-A	
YER085C	-12.07
YER086W	-14.60
YER087C-A	
YER087C-B	-0.38
YER087W	-8.46
YER088C	-10.69
YER088C-A	-462.84
YER088W-B	-508.40
YER089C	-55.67
YER090C-A	
YER090W	-11.94
YER091C	-8.13
YER091C-A	
YER092W	-0.19
YER093C	-18.48
YER093C-A	-5.48
YER094C	-17.01
YER095W	-6.78
YER096W	-23.47
YER097W	
YER098W	-31.30
YER099C	-5.36
YER100W	-21.10
YER101C	-4.61
YER102W	-3.25
YER103W	-28.60
YER104W	-3.34
YER105C	-3.00
YER106W	
YER107C	-30.79
YER107W-A	
YER110C	-19.97
YER111C	
YER112W	-4.69
YER113C	-24.18
YER114C	-56.57
YER115C	-43.71
YER116C	-19.02
YER117W	-4.53
YER118C	-35.24
YER119C	-6.55
YER119C-A	
YER120W	-4.93
YER121W	-11.01
YER122C	-10.76
YER123W	-41.86
YER124C	-8.63
YER125W	-107.62
YER126C	-4.77
YER127W	-1.27
YER128W	-4.46
YER129W	
YER130C	-10.59
YER131W	-10.97
YER132C	
YER133W	-11.36
YER133W-A	
YER134C	-6.63
YER135C	-6.63
YER136W	-16.14
YER137C	-3.96
YER137W-A	-487.03
YER138W-A	
YER139C	-19.69
YER140W	-6.87
YER141W	-13.18
YER142C	-5.12
YER143W	-1.49
YER144C	-7.71
YER145C	-2.74
YER145C-A	
YER146W	-10.44
YER147C	-12.59
YER147C-A	
YER148W	-41.12
YER148W-A	
YER149C	-14.01
YER150W	-34.42
YER151C	-14.28
YER152C	-21.22
YER152W-A	
YER153C	
YER154W	-187.86
YER155C	
YER156C	-2.03
YER157W	-6.15
YER158C	-35.95
YER158W-A	
YER159C	-22.67
YER161C	-14.23
YER162C	-5.15
YER163C	-12.83
YER164W	
YER165C-A	
YER165W	-15.38
YER166W	
YER167W	-61.76
YER168C	-12.55
YER169W	-57.93
YER170W	-9.74
YER171W	-25.75
YER172C	
YER172C-A	
YER173W	
YER174C	-28.81
YER175C	-2.41
YER175W-A	-288.65
YER176W	-7.89
YER177W	-2.63
YER178W	-4.23
YER179W	
YER180C	-27.53
YER180C-A	-7.39
YER181C	-137.11
YER182W	-2.45
YER183C	-1.75
YER184C	-96.21
YER185W	
YER186C	-29.51
YER187W	-198.27
YER188C-A	
YER188W	-36.25
YER189W	
YER190C-A	
YER190C-B	
YER190W	
YFL001W	-12.13
YFL002C	-5.39
YFL003C	
YFL004W	-13.60
YFL005W	-23.73
YFL007W	
YFL008W	-11.99
YFL009W	-37.26
YFL010C	-2.09
YFL010W-A	
YFL011W	
YFL012W	-8.53
YFL012W-A	
YFL013C	-5.48
YFL013W-A	
YFL014W	-4.71
YFL015C	
YFL015W-A	
YFL016C	-3.41
YFL017C	-8.42
YFL017W-A	-7.98
YFL018C	-10.26
YFL019C	
YFL020C	-41.80
YFL021C-A	-210.34
YFL021W	-28.47
YFL022C	-3.53
YFL023W	-4.36
YFL024C	-47.77
YFL025C	-14.25
YFL026W	-129.72
YFL027C	-3.72
YFL028C	-3.63
YFL029C	-12.46
YFL030W	-1.76
YFL031C-A	
YFL031W	-6.44
YFL032W	
YFL033C	
YFL034C-A	-3.32
YFL034C-B	-2.69
YFL034W	-40.10
YFL036W	-43.20
YFL037W	-9.64
YFL038C	-5.96
YFL039C	-22.45
YFL040W	
YFL041W	-5.80
YFL041W-A	-244.37
YFL042C	-5.37
YFL044C	-7.97
YFL045C	-5.39
YFL046W	-5.01
YFL047W	-3.92
YFL048C	-12.06
YFL049W	-5.35
YFL050C	-195.03
YFL051C	
YFL052W	-3.39
YFL053W	
YFL054C	-14.26
YFL055W	-40.39
YFL058W	
YFL059W	
YFL060C	
YFL061W	
YFL062W	
YFL063W	
YFL064C	
YFL065C	
YFL066C	
YFL067W	
YFL068W	
YFR001W	-7.68
YFR002W	-3.02
YFR003C	-14.51
YFR004W	-1.89
YFR005C	-3.39
YFR006W	-11.31
YFR007W	-9.38
YFR008W	-6.71
YFR009W	-12.41
YFR009W-A	-369.59
YFR010W	-14.89
YFR010W-A	
YFR011C	-6.23
YFR012W	
YFR012W-A	-304.07
YFR013W	-7.91
YFR014C	-6.85
YFR015C	-17.75
YFR016C	-14.55
YFR017C	-5.52
YFR018C	-5.59
YFR019W	
YFR020W	-216.07
YFR021W	-13.81
YFR022W	-84.28
YFR023W	
YFR024C-A	-5.01
YFR025C	-3.28
YFR026C	-251.19
YFR027W	-3.20
YFR028C	-7.77
YFR029W	-7.56
YFR030W	-22.44
YFR031C	-17.74
YFR031C-A	-7.13
YFR032C	
YFR032C-A	-10.73
YFR032C-B	
YFR033C	-12.86
YFR034C	-6.38
YFR034W-A	-136.13
YFR035C	-5.96
YFR036W	-4.44
YFR036W-A	
YFR037C	-3.18
YFR038W	-7.26
YFR039C	-26.62
YFR040W	
YFR041C	-3.45
YFR042W	-7.81
YFR043C	-2.93
YFR044C	-5.88
YFR045W	-3.43
YFR046C	-1.97
YFR047C	-1.38
YFR048W	-8.39
YFR049W	-26.09
YFR050C	-5.40
YFR051C	-9.10
YFR052C-A	-395.00
YFR052W	-2.99
YFR053C	-11.92
YFR054C	
YFR055W	-19.05
YFR056C	
YFR057W	
YGL001C	-8.79
YGL002W	-3.63
YGL003C	-14.34
YGL004C	-0.63
YGL005C	-3.95
YGL006W	-88.94
YGL006W-A	
YGL007C-A	-247.89
YGL007W	-5.31
YGL008C	-46.41
YGL009C	-15.28
YGL010W	-11.93
YGL011C	-4.17
YGL012W	-7.55
YGL013C	-5.03
YGL014C-A	
YGL014W	-81.95
YGL015C	-40.14
YGL016W	-7.89
YGL017W	-2.46
YGL018C	-9.74
YGL019W	-18.74
YGL020C	-10.76
YGL021W	
YGL022W	-13.17
YGL023C	-22.17
YGL024W	
YGL025C	
YGL026C	-5.17
YGL027C	-5.63
YGL028C	-20.26
YGL029W	-8.66
YGL030W	-8.64
YGL031C	-5.51
YGL032C	-36.56
YGL033W	
YGL034C	
YGL035C	
YGL036W	
YGL037C	-11.06
YGL038C	-13.29
YGL039W	-23.46
YGL040C	-8.19
YGL041C	-3.39
YGL041C-B	-72.46
YGL041W-A	-4.85
YGL042C	
YGL043W	-4.36
YGL044C	-39.97
YGL045W	-13.17
YGL047W	-8.82
YGL048C	-7.47
YGL049C	-38.12
YGL050W	-4.46
YGL051W	
YGL052W	
YGL053W	-5.01
YGL054C	-6.79
YGL055W	-11.41
YGL056C	-14.71
YGL057C	-3.46
YGL058W	-9.20
YGL059W	-7.29
YGL060W	-35.15
YGL061C	-17.17
YGL062W	-5.26
YGL063C-A	-2.29
YGL063W	-50.01
YGL064C	-4.28
YGL065C	-3.94
YGL066W	-38.76
YGL067W	-16.83
YGL068W	-4.88
YGL069C	
YGL070C	-4.37
YGL071W	-78.83
YGL072C	
YGL073W	-18.12
YGL074C	
YGL075C	-47.42
YGL076C	-3.14
YGL077C	-29.33
YGL078C	-12.34
YGL079W	-11.72
YGL080W	-8.40
YGL081W	-19.58
YGL082W	-20.83
YGL083W	-14.30
YGL084C	-14.05
YGL085W	-9.96
YGL086W	
YGL087C	-6.68
YGL088W	
YGL089C	
YGL090W	-9.24
YGL091C	-10.93
YGL092W	
YGL093W	-13.61
YGL094C	-29.53
YGL095C	-19.07
YGL096W	-137.79
YGL097W	-5.36
YGL098W	-5.51
YGL099W	-2.22
YGL100W	-4.91
YGL101W	-5.54
YGL102C	
YGL103W	-2.16
YGL104C	-3.23
YGL105W	-3.39
YGL106W	-1.66
YGL107C	-1.49
YGL108C	-7.26
YGL109W	
YGL110C	-2.99
YGL111W	-7.14
YGL112C	-9.46
YGL113W	-17.18
YGL114W	-52.50
YGL115W	-23.08
YGL116W	-27.84
YGL117W	-19.03
YGL118C	
YGL119W	-13.27
YGL120C	-4.54
YGL121C	-19.90
YGL122C	-2.91
YGL123C-A	
YGL123W	-4.76
YGL124C	-3.54
YGL125W	-25.14
YGL126W	
YGL127C	-5.86
YGL128C	-4.13
YGL129C	-13.34
YGL130W	-7.14
YGL131C	
YGL132W	
YGL133W	
YGL134W	-20.21
YGL135W	-8.84
YGL136C	-4.22
YGL137W	-5.51
YGL138C	
YGL139W	-63.98
YGL140C	
YGL141W	-5.78
YGL142C	-13.04
YGL143C	-6.24
YGL144C	-12.33
YGL145W	-11.00
YGL146C	-13.44
YGL147C	-9.06
YGL148W	-4.13
YGL149W	
YGL150C	
YGL151W	-11.07
YGL152C	
YGL153W	-3.05
YGL154C	-7.20
YGL155W	-13.74
YGL156W	-13.77
YGL157W	-12.76
YGL158W	-100.48
YGL159W	-1.80
YGL160W	-13.96
YGL161C	-14.69
YGL162W	-30.92
YGL163C	-18.61
YGL164C	-5.69
YGL165C	
YGL166W	-4.21
YGL167C	-66.73
YGL168W	
YGL169W	-10.50
YGL170C	
YGL171W	-4.99
YGL172W	-7.83
YGL173C	
YGL174W	-1.90
YGL175C	
YGL176C	-10.71
YGL177W	
YGL178W	
YGL179C	-17.03
YGL180W	-68.70
YGL181W	-12.04
YGL182C	
YGL183C	
YGL184C	
YGL185C	-10.25
YGL186C	-6.85
YGL187C	-17.34
YGL188C	
YGL188C-A	-1.11
YGL189C	
YGL190C	-99.89
YGL191W	-4.81
YGL192W	-12.19
YGL193C	-85.49
YGL194C	-10.72
YGL194C-A	-25.32
YGL195W	
YGL196W	-20.47
YGL197W	
YGL198W	-2.06
YGL199C	-64.72
YGL200C	-6.00
YGL201C	-11.46
YGL202W	-17.53
YGL203C	-13.48
YGL204C	-17.65
YGL205W	-36.04
YGL206C	
YGL207W	-24.97
YGL208W	-15.44
YGL209W	-2.19
YGL210W	-4.65
YGL211W	-6.37
YGL212W	-4.25
YGL213C	-5.16
YGL214W	
YGL215W	-109.89
YGL216W	-54.62
YGL217C	
YGL218W	
YGL219C	-5.86
YGL220W	-282.26
YGL221C	-1.92
YGL222C	-13.26
YGL223C	-3.37
YGL224C	-14.89
YGL225W	-4.14
YGL226C-A	-11.84
YGL226W	-0.94
YGL227W	-9.27
YGL228W	-8.22
YGL229C	-49.97
YGL230C	-4.30
YGL231C	-0.99
YGL232W	-3.77
YGL233W	-14.38
YGL234W	-6.78
YGL235W	
YGL236C	-6.18
YGL237C	-16.93
YGL238W	-3.81
YGL239C	
YGL240W	-2.90
YGL241W	-5.72
YGL242C	-10.51
YGL243W	
YGL244W	-7.12
YGL245W	-8.85
YGL246C	-5.55
YGL247W	-4.58
YGL248W	-24.34
YGL249W	
YGL250W	-5.79
YGL251C	
YGL252C	-13.77
YGL253W	-5.79
YGL254W	-0.56
YGL255W	-42.70
YGL256W	-125.89
YGL257C	-30.86
YGL258W	-151.65
YGL258W-A	
YGL259W	
YGL260W	
YGL261C	
YGL262W	
YGL263W	-4.93
YGR001C	-2.09
YGR002C	-3.65
YGR003W	-2.91
YGR004W	-11.40
YGR005C	-6.26
YGR006W	-1.99
YGR007W	-7.80
YGR008C	-9.85
YGR009C	-7.61
YGR010W	-24.14
YGR011W	-287.38
YGR012W	-2.84
YGR013W	-8.47
YGR014W	-28.07
YGR015C	-5.43
YGR016W	-1.75
YGR017W	-35.17
YGR018C	-121.60
YGR019W	-4.09
YGR020C	-12.80
YGR021W	-4.65
YGR022C	
YGR023W	-40.94
YGR024C	
YGR025W	
YGR026W	-17.72
YGR027C	-5.09
YGR028W	-9.43
YGR029W	-0.15
YGR030C	-2.42
YGR031C-A	
YGR031W	-15.14
YGR032W	
YGR033C	-19.99
YGR034W	-5.83
YGR035C	-11.51
YGR035W-A	
YGR036C	-24.64
YGR037C	-9.64
YGR038W	-18.26
YGR039W	-10.27
YGR040W	-45.28
YGR041W	-36.85
YGR042W	-12.53
YGR043C	-3.65
YGR044C	-21.32
YGR045C	
YGR046W	-20.45
YGR047C	-7.58
YGR048W	-7.77
YGR049W	-4.18
YGR050C	-16.04
YGR051C	
YGR052W	
YGR053C	-18.84
YGR054W	-33.24
YGR055W	-3.11
YGR056W	-8.62
YGR057C	-10.13
YGR058W	-4.82
YGR059W	
YGR060W	-7.26
YGR061C	-21.13
YGR062C	-4.59
YGR063C	-4.45
YGR064W	-41.19
YGR065C	-12.59
YGR066C	
YGR067C	-25.56
YGR068C	-15.39
YGR068W-A	-103.68
YGR069W	
YGR070W	
YGR071C	-6.39
YGR072W	-13.11
YGR073C	-235.27
YGR074W	-4.02
YGR075C	-4.13
YGR076C	-4.46
YGR077C	-10.30
YGR078C	-6.00
YGR079W	
YGR080W	-2.89
YGR081C	-5.36
YGR082W	-3.72
YGR083C	
YGR084C	
YGR085C	-3.58
YGR086C	-14.13
YGR087C	-5.01
YGR088W	-4.36
YGR089W	-45.40
YGR090W	-55.28
YGR091W	-12.12
YGR092W	-6.65
YGR093W	-8.99
YGR094W	-1.75
YGR095C	-8.34
YGR096W	-5.62
YGR097W	-11.28
YGR098C	
YGR099W	-9.67
YGR100W	-14.33
YGR101W	-7.78
YGR102C	-4.63
YGR103W	-2.17
YGR104C	-5.63
YGR105W	-6.03
YGR106C	-18.43
YGR107W	-43.86
YGR108W	-48.73
YGR109C	-12.62
YGR110W	-11.96
YGR111W	-9.64
YGR112W	-7.75
YGR113W	-12.58
YGR114C	
YGR115C	
YGR116W	-14.30
YGR117C	-6.48
YGR118W	-2.76
YGR119C	-18.06
YGR120C	-11.98
YGR121C	-13.61
YGR121W-A	
YGR122C-A	-65.74
YGR122W	-37.39
YGR123C	-6.96
YGR124W	-7.53
YGR125W	-9.51
YGR126W	-15.80
YGR127W	-9.02
YGR128C	-7.24
YGR129W	-6.10
YGR130C	-12.10
YGR131W	-6.19
YGR132C	-9.91
YGR133W	
YGR134W	-28.78
YGR135W	-13.98
YGR136W	-4.59
YGR137W	-111.60
YGR138C	-35.97
YGR139W	
YGR140W	
YGR141W	-1.71
YGR142W	-14.65
YGR143W	
YGR144W	
YGR145W	-9.18
YGR146C	-48.51
YGR146C-A	-25.25
YGR147C	-15.66
YGR148C	-7.68
YGR149W	-22.59
YGR150C	-3.60
YGR151C	-159.58
YGR152C	-22.06
YGR153W	-11.61
YGR154C	-69.41
YGR155W	-1.66
YGR156W	-20.41
YGR157W	-27.14
YGR158C	-8.70
YGR159C	-8.67
YGR160W	
YGR161C	-10.50
YGR161W-C	-4.05
YGR162W	
YGR163W	-7.73
YGR164W	
YGR165W	-11.28
YGR166W	-16.33
YGR167W	-11.43
YGR168C	-5.00
YGR169C	-4.78
YGR169C-A	-8.72
YGR170W	-17.33
YGR171C	-8.12
YGR172C	-6.25
YGR173W	-8.49
YGR174C	
YGR174W-A	-25.80
YGR175C	-7.10
YGR176W	
YGR177C	-13.45
YGR178C	-47.64
YGR179C	-9.11
YGR180C	-3.95
YGR181W	-6.87
YGR182C	
YGR183C	-11.25
YGR184C	
YGR185C	-5.23
YGR186W	-5.24
YGR187C	-7.01
YGR188C	-9.62
YGR189C	-10.48
YGR190C	
YGR191W	-32.73
YGR192C	-4.05
YGR193C	-18.26
YGR194C	-88.37
YGR195W	-16.37
YGR196C	-13.26
YGR197C	-37.32
YGR198W	-5.61
YGR199W	-8.55
YGR200C	-12.03
YGR201C	-2.80
YGR202C	-4.82
YGR203W	-10.28
YGR204C-A	
YGR204W	-9.74
YGR205W	-21.71
YGR206W	-5.40
YGR207C	-4.54
YGR208W	-8.84
YGR209C	-3.59
YGR210C	-24.19
YGR211W	-9.03
YGR212W	-6.67
YGR213C	-2.07
YGR214W	-6.40
YGR215W	-17.11
YGR216C	-6.85
YGR217W	
YGR218W	-52.93
YGR219W	
YGR220C	-2.95
YGR221C	-18.75
YGR222W	-2.15
YGR223C	-12.63
YGR224W	-6.24
YGR225W	-23.24
YGR226C	
YGR227W	-10.88
YGR228W	
YGR229C	-25.05
YGR230W	-21.52
YGR231C	-15.87
YGR232W	-0.82
YGR233C	-36.40
YGR234W	-0.48
YGR235C	-5.17
YGR236C	-4.16
YGR237C	-17.66
YGR238C	-9.25
YGR239C	-4.54
YGR240C	-40.75
YGR240C-A	
YGR241C	-36.74
YGR242W	
YGR243W	-10.68
YGR244C	-20.66
YGR245C	-12.19
YGR246C	-4.83
YGR247W	-20.95
YGR248W	-4.72
YGR249W	-71.25
YGR250C	-42.14
YGR251W	-6.06
YGR252W	-9.33
YGR253C	-11.28
YGR254W	-4.74
YGR255C	-13.05
YGR256W	-15.99
YGR257C	-22.61
YGR258C	-7.19
YGR259C	-69.93
YGR260W	-28.38
YGR261C	-7.20
YGR262C	-8.05
YGR263C	-5.41
YGR264C	-4.93
YGR265W	
YGR266W	-8.66
YGR267C	-22.62
YGR268C	-3.96
YGR269W	
YGR270C-A	
YGR270W	
YGR271C-A	-1.05
YGR271W	
YGR273C	
YGR274C	-1.79
YGR275W	
YGR276C	
YGR277C	-2.39
YGR278W	-1.17
YGR279C	-9.26
YGR280C	-4.55
YGR281W	-49.67
YGR282C	-6.98
YGR283C	-3.84
YGR284C	-6.66
YGR285C	-3.48
YGR286C	-25.71
YGR287C	-24.21
YGR288W	-7.76
YGR289C	-71.79
YGR290W	
YGR291C	
YGR292W	-4.62
YGR293C	
YGR294W	
YGR295C	
YGR296C-A	
YGR296C-B	
YGR296W	
YHL001W	-1.43
YHL002C-A	
YHL002W	-6.23
YHL003C	-29.12
YHL004W	-27.59
YHL005C	-635.66
YHL006C	-14.64
YHL006W-A	-79.35
YHL007C	-15.51
YHL008C	-31.39
YHL009C	-28.79
YHL010C	-11.92
YHL011C	-11.77
YHL012W	
YHL013C	-4.76
YHL014C	-1.61
YHL015W	-4.08
YHL015W-A	
YHL016C	-76.99
YHL017W	-2.04
YHL018W	-1.99
YHL019C	-10.31
YHL019W-A	
YHL020C	-25.65
YHL021C	-4.50
YHL022C	
YHL023C	-11.79
YHL024W	
YHL025W	-7.43
YHL026C	-12.02
YHL027W	-19.69
YHL028W	-10.52
YHL029C	-9.72
YHL030W	
YHL030W-A	
YHL031C	-1.78
YHL032C	-10.86
YHL033C	-1.84
YHL034C	-11.34
YHL034W-A	
YHL035C	
YHL036W	-11.72
YHL037C	-76.50
YHL038C	-8.23
YHL039W	-11.03
YHL040C	-47.31
YHL041W	
YHL042W	-88.42
YHL043W	
YHL044W	-7.15
YHL045W	-111.80
YHL046C	-226.71
YHL046W-A	
YHL047C	-8.03
YHL048C-A	
YHL048W	-0.43
YHL049C	
YHL050C	
YHL050W-A	
YHR001W	-3.51
YHR001W-A	-9.20
YHR002W	-32.67
YHR003C	-0.73
YHR004C	
YHR005C	-13.61
YHR005C-A	-8.61
YHR006W	-10.84
YHR007C	-29.34
YHR007C-A	-47.60
YHR008C	-12.61
YHR009C	-38.07
YHR010W	-4.16
YHR011W	-11.06
YHR012W	-3.41
YHR013C	-2.89
YHR014W	
YHR015W	
YHR016C	-7.03
YHR017W	-3.75
YHR018C	-7.30
YHR019C	-6.63
YHR020W	-13.14
YHR021C	-7.62
YHR021W-A	
YHR022C	-95.10
YHR022C-A	-5.76
YHR023W	
YHR024C	-7.79
YHR025W	-8.93
YHR026W	-24.39
YHR027C	-15.17
YHR028C	-9.34
YHR028W-A	
YHR029C	-2.73
YHR030C	-26.38
YHR031C	-9.26
YHR032C-A	
YHR032W	-24.52
YHR032W-A	-617.81
YHR033W	-4.45
YHR034C	-3.46
YHR035W	-8.81
YHR036W	-22.60
YHR037W	-8.04
YHR038W	-1.11
YHR039C	-12.45
YHR039C-A	-9.91
YHR040W	-5.58
YHR041C	-2.85
YHR042W	-11.35
YHR043C	-10.10
YHR044C	-12.02
YHR045W	-30.90
YHR046C	-17.83
YHR047C	-12.33
YHR048W	-14.49
YHR049C-A	
YHR049W	-6.66
YHR050W	-23.69
YHR050W-A	-153.85
YHR051W	-15.25
YHR052W	-3.18
YHR052W-A	
YHR053C	
YHR054C	
YHR054W-A	
YHR055C	
YHR056C	
YHR056W-A	-41.39
YHR057C	-4.04
YHR058C	-7.36
YHR059W	-3.16
YHR060W	-3.02
YHR061C	-8.48
YHR062C	-5.59
YHR063C	-6.13
YHR063W-A	
YHR064C	-7.42
YHR065C	-5.08
YHR066W	-1.05
YHR067W	-8.49
YHR068W	-11.17
YHR069C	-2.33
YHR069C-A	-271.55
YHR070C-A	
YHR070W	-4.56
YHR071C-A	-12.19
YHR071W	
YHR072W	-7.96
YHR072W-A	-6.38
YHR073C-B	-92.20
YHR073W	-16.61
YHR073W-A	-94.65
YHR074W	-8.41
YHR075C	-12.77
YHR076W	-3.96
YHR077C	-10.43
YHR078W	-10.37
YHR079C	-30.86
YHR079C-A	
YHR080C	
YHR081W	-3.25
YHR082C	-114.81
YHR083W	-5.50
YHR084W	-68.15
YHR085W	-1.58
YHR086W	-39.02
YHR086W-A	
YHR087W	-13.73
YHR088W	-5.60
YHR089C	-7.87
YHR090C	-5.03
YHR091C	-14.92
YHR092C	-13.15
YHR093W	
YHR094C	-6.53
YHR095W	
YHR096C	
YHR097C	-23.82
YHR098C	-18.10
YHR099W	
YHR100C	-10.72
YHR101C	-6.52
YHR102W	-34.53
YHR103W	-38.62
YHR104W	-16.24
YHR105W	-17.75
YHR106W	-1.00
YHR107C	-10.33
YHR108W	-9.08
YHR109W	-7.79
YHR110W	-6.27
YHR111W	-3.81
YHR112C	-23.39
YHR113W	-6.05
YHR114W	
YHR115C	
YHR116W	-237.70
YHR117W	-8.91
YHR118C	-3.00
YHR119W	-50.23
YHR120W	-7.75
YHR121W	-14.75
YHR122W	-3.52
YHR123W	-5.58
YHR124W	
YHR125W	
YHR126C	
YHR127W	-6.37
YHR128W	-6.14
YHR129C	-15.34
YHR130C	-440.79
YHR131C	-21.69
YHR131W-A	
YHR132C	-8.22
YHR132W-A	-6.56
YHR133C	-1.50
YHR134W	-0.05
YHR135C	-26.54
YHR136C	-59.64
YHR137C-A	
YHR137W	-4.04
YHR138C	-10.33
YHR139C	-2.75
YHR139C-A	
YHR140W	-4.54
YHR141C	-2.76
YHR142W	-26.49
YHR143W	-38.17
YHR143W-A	-4.06
YHR144C	-4.57
YHR145C	
YHR146W	-5.84
YHR147C	-6.73
YHR148W	-4.38
YHR149C	-12.99
YHR150W	-10.27
YHR151C	-32.09
YHR152W	-7.46
YHR153C	-4.84
YHR154W	-8.46
YHR155W	
YHR156C	-6.83
YHR157W	-7.84
YHR158C	
YHR159W	-11.85
YHR160C	
YHR161C	-38.68
YHR162W	-23.85
YHR163W	-8.61
YHR164C	
YHR165C	
YHR165W-A	
YHR166C	-15.29
YHR167W	-8.94
YHR168W	-11.57
YHR169W	-6.81
YHR170W	-9.38
YHR171W	-1.16
YHR172W	-22.50
YHR173C	
YHR174W	-2.50
YHR175W	-0.32
YHR175W-A	-188.23
YHR176W	-8.32
YHR177W	
YHR178W	-10.85
YHR179W	-6.24
YHR180C-B	-3.12
YHR180W	
YHR180W-A	
YHR181W	-2.75
YHR182C-A	-39.27
YHR182W	-15.09
YHR183W	-10.91
YHR184W	
YHR185C	
YHR186C	
YHR187W	-5.98
YHR188C	-8.02
YHR189W	
YHR190W	-5.60
YHR191C	-9.11
YHR192W	-2.79
YHR193C	-3.65
YHR193C-A	-8.72
YHR194W	-12.25
YHR195W	-34.07
YHR196W	-12.78
YHR197W	-3.23
YHR198C	-1.53
YHR199C	-7.00
YHR199C-A	
YHR200W	-5.52
YHR201C	-2.94
YHR202W	-7.84
YHR203C	-11.10
YHR204W	-13.56
YHR205W	-76.24
YHR206W	-75.11
YHR207C	
YHR208W	-6.61
YHR209W	-7.51
YHR210C	-21.15
YHR211W	
YHR212C	
YHR212W-A	
YHR213W	
YHR213W-A	
YHR213W-B	
YHR214C-D	
YHR214C-E	
YHR214W	
YHR214W-A	
YHR215W	
YHR216W	-4.88
YHR217C	
YHR218W	
YHR218W-A	
YHR219C-A	
YHR219W	
YIL001W	-14.13
YIL002C	-32.36
YIL002W-A	-7.32
YIL003W	-3.23
YIL004C	-2.98
YIL005W	-25.11
YIL006W	-32.25
YIL007C	-3.02
YIL008W	-12.27
YIL009C-A	-1.72
YIL009W	-2.26
YIL010W	-11.35
YIL011W	-2.66
YIL012W	
YIL013C	
YIL014C-A	-15.95
YIL014W	-33.26
YIL015W	-42.25
YIL016W	-9.14
YIL017C	-19.50
YIL018W	-4.79
YIL019W	-2.13
YIL020C	-5.30
YIL020C-A	
YIL021C-A	
YIL021W	-11.93
YIL022W	-24.75
YIL023C	-2.48
YIL024C	-19.13
YIL025C	
YIL026C	-14.21
YIL027C	-5.56
YIL028W	-112.94
YIL029C	-21.82
YIL029W-A	
YIL030C	-11.87
YIL030W-A	-82.90
YIL031W	-34.28
YIL032C	
YIL033C	-9.67
YIL034C	-1.79
YIL035C	-29.08
YIL036W	-39.24
YIL037C	
YIL038C	-47.72
YIL039W	-8.67
YIL040W	-6.08
YIL041W	-3.52
YIL042C	-13.05
YIL043C	-7.41
YIL044C	-9.59
YIL045W	-19.15
YIL046W	-8.03
YIL046W-A	-59.18
YIL047C	-4.10
YIL047C-A	-302.47
YIL048W	
YIL049W	-1.89
YIL050W	-12.25
YIL051C	-2.87
YIL052C	-5.70
YIL053W	-2.73
YIL054W	-337.40
YIL055C	
YIL056W	-7.61
YIL057C	-8.10
YIL058W	
YIL059C	-144.55
YIL060W	
YIL061C	-1.94
YIL062C	-6.87
YIL063C	-6.34
YIL064W	
YIL065C	-6.01
YIL066C	
YIL066W-A	
YIL067C	-14.16
YIL068C	-9.75
YIL068W-A	
YIL069C	-7.48
YIL070C	-4.41
YIL071C	-4.57
YIL071W-A	
YIL072W	
YIL073C	
YIL074C	-14.39
YIL075C	-5.86
YIL076W	-0.82
YIL077C	-99.81
YIL078W	-6.37
YIL079C	-6.32
YIL082W	
YIL083C	-16.78
YIL084C	-8.65
YIL085C	-12.70
YIL086C	-6.27
YIL087C	-2.29
YIL088C	-7.58
YIL089W	-6.38
YIL090W	-34.90
YIL091C	-6.38
YIL092W	-17.49
YIL093C	-11.73
YIL094C	-12.40
YIL095W	-36.22
YIL096C	-4.60
YIL097W	-1.42
YIL098C	-3.16
YIL099W	
YIL100C-A	
YIL100W	
YIL101C	-10.78
YIL102C	
YIL102C-A	-13.09
YIL103W	-10.95
YIL104C	-2.20
YIL105C	-25.46
YIL105W-A	
YIL106W	-4.36
YIL107C	-36.69
YIL108W	-3.87
YIL109C	-17.36
YIL110W	-9.96
YIL111W	-12.97
YIL112W	-9.60
YIL113W	-10.82
YIL114C	-10.16
YIL115C	-20.37
YIL115W-A	
YIL116W	-10.95
YIL117C	-12.08
YIL118W	-13.98
YIL119C	-29.06
YIL120W	
YIL121W	-8.16
YIL122W	-53.03
YIL123W	-45.07
YIL124W	-5.31
YIL125W	-60.39
YIL126W	-18.68
YIL127C	-7.79
YIL128W	-13.93
YIL129C	
YIL130W	
YIL131C	-13.11
YIL132C	-0.57
YIL133C	-5.42
YIL134C-A	
YIL134W	-8.05
YIL135C	-9.39
YIL136W	-2.93
YIL137C	-6.59
YIL138C	-2.17
YIL139C	-5.92
YIL140W	-12.03
YIL141W	
YIL142C-A	
YIL142W	-8.12
YIL143C	
YIL144W	-14.21
YIL145C	-4.10
YIL146C	-73.33
YIL147C	-49.55
YIL148W	-5.98
YIL149C	
YIL150C	-8.14
YIL151C	
YIL152W	-2.72
YIL153W	-6.33
YIL154C	-6.52
YIL155C	-6.48
YIL156W	
YIL156W-A	
YIL156W-B	-0.46
YIL157C	-1.55
YIL158W	-4.48
YIL159W	-3.05
YIL160C	-4.67
YIL161W	-3.85
YIL162W	-7.37
YIL163C	
YIL164C	
YIL165C	-55.99
YIL166C	-112.05
YIL169C	-8.40
YIL171W-A	
YIL172C	
YIL173W	
YIL176C	
YIL177C	
YIL177W-A	
YIR001C	-10.37
YIR002C	-13.16
YIR003W	-5.44
YIR004W	-10.79
YIR005W	-0.68
YIR006C	
YIR007W	-0.83
YIR008C	-2.16
YIR009W	-10.88
YIR010W	-20.30
YIR011C	-1.69
YIR012W	-5.40
YIR013C	
YIR014W	-5.69
YIR015W	
YIR016W	-16.38
YIR017C	-10.65
YIR017W-A	
YIR018C-A	-204.02
YIR018W	-3.68
YIR019C	
YIR020C	-278.00
YIR020C-B	
YIR020W-A	
YIR021W	-8.09
YIR021W-A	
YIR022W	-6.17
YIR023C-A	
YIR023W	-4.62
YIR024C	-5.72
YIR025W	-5.71
YIR026C	-7.77
YIR027C	
YIR028W	
YIR029W	-20.15
YIR030C	-4.51
YIR030W-A	
YIR031C	-33.50
YIR032C	-22.26
YIR033W	-12.78
YIR034C	-5.04
YIR035C	-4.65
YIR036C	-7.33
YIR036W-A	
YIR037W	-8.46
YIR038C	-4.79
YIR039C	-3.54
YIR040C	
YIR041W	-368.29
YIR042C	-16.22
YJL001W	-6.42
YJL002C	-9.98
YJL003W	-7.59
YJL004C	-2.56
YJL005W	
YJL006C	-7.86
YJL007C	
YJL008C	-7.45
YJL009W	
YJL010C	-4.29
YJL011C	-3.32
YJL012C	-4.31
YJL013C	
YJL014W	-7.23
YJL015C	
YJL016W	-24.10
YJL019W	-29.28
YJL020C	-15.18
YJL020W-A	
YJL022W	-22.53
YJL023C	-1.05
YJL024C	-5.03
YJL025W	-13.22
YJL026C-A	
YJL026W	-5.20
YJL027C	-4.57
YJL028W	
YJL029C	-14.46
YJL030W	-4.70
YJL031C	-4.24
YJL032W	
YJL033W	-4.99
YJL034W	-10.75
YJL035C	-13.59
YJL036W	-26.00
YJL037W	
YJL038C	-11.71
YJL039C	
YJL041W	-5.05
YJL042W	-20.59
YJL043W	-402.28
YJL044C	-12.87
YJL045W	-5.44
YJL046W	-5.95
YJL047C	-18.74
YJL047C-A	-46.86
YJL048C	-11.21
YJL049W	-4.75
YJL050W	-13.38
YJL051W	-14.61
YJL052C-A	
YJL052W	-6.77
YJL053W	-5.23
YJL054W	-5.07
YJL055W	-2.88
YJL056C	-21.87
YJL057C	-12.54
YJL058C	-10.47
YJL059W	-6.19
YJL060W	-7.77
YJL061W	-9.42
YJL062W	-7.74
YJL062W-A	-5.78
YJL063C	-5.70
YJL064W	
YJL065C	-9.15
YJL066C	-6.38
YJL067W	
YJL068C	-6.77
YJL069C	-4.79
YJL070C	-9.44
YJL071W	-15.29
YJL072C	-8.94
YJL073W	-25.73
YJL074C	-4.33
YJL075C	
YJL076W	-7.43
YJL077C	
YJL077W-A	-273.13
YJL077W-B	-706.88
YJL078C	-13.11
YJL079C	-18.47
YJL080C	-32.06
YJL081C	-11.62
YJL082W	-24.05
YJL083W	-9.10
YJL084C	-27.69
YJL085W	-16.23
YJL086C	
YJL087C	-24.26
YJL088W	-1.51
YJL089W	
YJL090C	-10.14
YJL091C	-0.57
YJL092W	-51.57
YJL093C	-1.71
YJL094C	-5.67
YJL095W	
YJL096W	-6.96
YJL097W	-4.20
YJL098W	
YJL099W	-13.43
YJL100W	-13.59
YJL101C	-34.52
YJL102W	-3.59
YJL103C	-31.69
YJL104W	-6.69
YJL105W	
YJL106W	-176.27
YJL107C	-20.37
YJL108C	-194.97
YJL109C	
YJL110C	-27.65
YJL111W	-8.10
YJL112W	-4.55
YJL115W	-15.00
YJL116C	-27.38
YJL117W	-11.75
YJL118W	-4.46
YJL119C	-118.79
YJL120W	-138.06
YJL121C	-2.97
YJL122W	-0.63
YJL123C	-3.69
YJL124C	-27.21
YJL125C	-5.11
YJL126W	-0.43
YJL127C	-8.85
YJL127C-B	-27.03
YJL127W-A	
YJL128C	-48.75
YJL129C	-56.57
YJL130C	
YJL131C	-8.50
YJL132W	-4.84
YJL133C-A	-2.05
YJL133W	-13.73
YJL134W	-10.88
YJL135W	-0.57
YJL136C	-3.47
YJL136W-A	
YJL137C	-14.93
YJL138C	-8.78
YJL139C	-11.24
YJL140W	-17.06
YJL141C	-17.17
YJL142C	-263.51
YJL143W	-6.29
YJL144W	-3.60
YJL145W	-1.68
YJL146W	-18.75
YJL147C	-24.17
YJL148W	-14.19
YJL149W	-0.87
YJL150W	
YJL151C	-3.52
YJL152W	-279.55
YJL153C	-0.36
YJL154C	-9.39
YJL155C	-24.74
YJL156C	-11.09
YJL156W-A	
YJL157C	
YJL158C	-0.63
YJL159W	-1.58
YJL160C	-5.22
YJL161W	-4.06
YJL162C	-12.11
YJL163C	-12.64
YJL164C	-54.56
YJL165C	-23.69
YJL166W	-8.02
YJL167W	-7.57
YJL168C	-23.26
YJL169W	
YJL170C	-22.49
YJL171C	-3.47
YJL172W	-5.95
YJL173C	-0.73
YJL174W	-22.38
YJL175W	-552.52
YJL176C	-12.90
YJL177W	-12.84
YJL178C	-4.14
YJL179W	-5.53
YJL180C	-1.86
YJL181W	-2.06
YJL182C	
YJL183W	-18.35
YJL184W	-10.82
YJL185C	-13.01
YJL186W	-6.07
YJL187C	-22.00
YJL188C	
YJL189W	-4.73
YJL190C	-3.05
YJL191W	-2.03
YJL192C	-10.89
YJL193W	-3.76
YJL194W	-6.16
YJL195C	
YJL196C	-6.51
YJL197C-A	
YJL197W	-10.65
YJL198W	-9.29
YJL199C	-107.79
YJL200C	-6.62
YJL201W	-5.39
YJL202C	
YJL203W	-7.13
YJL204C	-8.43
YJL205C	-2.86
YJL206C	-25.22
YJL207C	
YJL208C	-6.78
YJL209W	-11.97
YJL210W	-24.58
YJL211C	-160.85
YJL212C	-2.02
YJL213W	-105.89
YJL214W	
YJL215C	-370.25
YJL216C	-222.26
YJL217W	-7.98
YJL218W	-8.15
YJL219W	
YJL220W	
YJL221C	
YJL222W	
YJL222W-A	
YJL222W-B	
YJL223C	
YJL225C	
YJL225W-A	
YJR001W	-14.03
YJR002W	-3.34
YJR003C	-2.63
YJR004C	-5.77
YJR005C-A	
YJR005W	-10.09
YJR006W	-6.60
YJR007W	-12.95
YJR008W	-26.53
YJR009C	-5.69
YJR010C-A	-4.76
YJR010W	-11.73
YJR011C	-5.45
YJR012C	
YJR013W	-4.55
YJR014W	-4.13
YJR015W	-4.76
YJR016C	-2.06
YJR017C	-2.61
YJR018W	-69.61
YJR019C	-4.01
YJR020W	-195.08
YJR021C	-8.64
YJR022W	
YJR023C	
YJR024C	
YJR025C	-10.07
YJR030C	
YJR031C	-19.17
YJR032W	-4.17
YJR033C	
YJR034W	-18.34
YJR035W	-1.94
YJR036C	-57.61
YJR037W	
YJR038C	
YJR039W	
YJR040W	-7.56
YJR041C	-19.75
YJR042W	-6.29
YJR043C	-7.71
YJR044C	-11.29
YJR045C	-20.35
YJR046W	-10.81
YJR047C	-4.66
YJR048W	-0.91
YJR049C	-5.14
YJR050W	-4.31
YJR051W	-8.61
YJR052W	-3.06
YJR053W	-18.23
YJR054W	-17.93
YJR055W	-1.34
YJR056C	-30.17
YJR057W	-2.51
YJR058C	-17.30
YJR059W	-16.07
YJR060W	-6.54
YJR061W	
YJR062C	-4.84
YJR063W	-7.18
YJR064W	-9.84
YJR065C	-4.45
YJR066W	
YJR067C	-3.07
YJR068W	-10.24
YJR069C	-3.41
YJR070C	-7.35
YJR071W	
YJR072C	-2.90
YJR073C	-5.93
YJR074W	-238.34
YJR075W	-8.68
YJR076C	-10.80
YJR077C	-5.27
YJR078W	
YJR079W	
YJR080C	-7.25
YJR082C	-19.44
YJR083C	-5.36
YJR084W	-6.20
YJR085C	-6.07
YJR086W	-3.61
YJR087W	
YJR088C	-2.74
YJR089W	-36.51
YJR090C	
YJR091C	-13.40
YJR092W	
YJR093C	-10.12
YJR094C	-39.05
YJR094W-A	-6.51
YJR095W	-15.86
YJR096W	-15.58
YJR097W	-16.92
YJR098C	-11.25
YJR099W	-15.55
YJR100C	-3.77
YJR101W	-20.21
YJR102C	-11.52
YJR103W	-6.03
YJR104C	-5.02
YJR105W	-4.34
YJR106W	-5.24
YJR107W	-194.56
YJR108W	
YJR109C	-5.61
YJR110W	-29.12
YJR111C	
YJR112W	-5.42
YJR112W-A	-2.45
YJR113C	-13.51
YJR114W	
YJR115W	-176.75
YJR116W	-12.82
YJR117W	-4.45
YJR118C	-8.05
YJR119C	-5.37
YJR120W	
YJR121W	-36.76
YJR122W	-12.81
YJR123W	-2.62
YJR124C	-4.61
YJR125C	-9.16
YJR126C	-0.16
YJR127C	
YJR128W	
YJR129C	-8.32
YJR130C	-4.90
YJR131W	-6.00
YJR132W	-12.60
YJR133W	-6.32
YJR134C	-9.07
YJR135C	-4.70
YJR135W-A	-1.27
YJR136C	-1.11
YJR137C	
YJR138W	
YJR139C	-8.34
YJR140C	
YJR140W-A	
YJR141W	-2.84
YJR142W	-4.59
YJR143C	-11.66
YJR144W	-4.68
YJR145C	-3.70
YJR146W	-78.80
YJR147W	-40.38
YJR148W	-9.08
YJR149W	-252.10
YJR150C	-5.13
YJR151C	
YJR151W-A	
YJR152W	-38.80
YJR153W	-13.28
YJR154W	
YJR155W	-248.06
YJR156C	
YJR157W	
YJR158W	
YJR159W	
YJR160C	
YJR161C	
YJR162C	
YKL001C	-11.53
YKL002W	-20.65
YKL003C	-6.35
YKL004W	-78.63
YKL005C	-27.30
YKL006C-A	-5.99
YKL006W	-10.74
YKL007W	-6.21
YKL008C	-24.80
YKL009W	-4.82
YKL010C	-17.22
YKL011C	-2.30
YKL012W	-16.17
YKL013C	-4.78
YKL014C	
YKL015W	-19.95
YKL016C	-11.83
YKL017C	-1.93
YKL018C-A	-10.34
YKL018W	-5.88
YKL019W	-11.46
YKL020C	-9.03
YKL021C	
YKL022C	
YKL023C-A	
YKL023W	-3.53
YKL024C	-38.96
YKL025C	-4.82
YKL026C	-23.01
YKL027W	-10.41
YKL028W	-9.62
YKL029C	-7.29
YKL030W	
YKL031W	
YKL032C	
YKL033W	-5.46
YKL033W-A	-16.68
YKL034W	-15.89
YKL035W	-7.36
YKL036C	-25.78
YKL037W	
YKL038W	-59.93
YKL039W	-28.36
YKL040C	-5.68
YKL041W	-17.48
YKL042W	-21.56
YKL043W	-33.94
YKL044W	-24.72
YKL045W	-15.13
YKL046C	-45.66
YKL047W	-6.90
YKL048C	-15.45
YKL049C	-3.48
YKL050C	
YKL051W	-20.93
YKL052C	-5.69
YKL053C-A	-10.62
YKL053W	-98.06
YKL054C	-10.25
YKL055C	-6.52
YKL056C	-5.20
YKL057C	-10.91
YKL058W	-4.59
YKL059C	-20.66
YKL060C	-3.74
YKL061W	-3.38
YKL062W	-17.44
YKL063C	-30.26
YKL064W	-31.75
YKL065C	-5.90
YKL065W-A	-5.53
YKL066W	
YKL067W	-9.33
YKL068W	-22.80
YKL068W-A	-1.34
YKL069W	-2.86
YKL070W	
YKL071W	-176.13
YKL072W	-42.76
YKL073W	-9.36
YKL074C	-3.07
YKL075C	-15.74
YKL076C	-257.07
YKL077W	-16.95
YKL078W	-9.26
YKL079W	-12.37
YKL080W	-20.63
YKL081W	-6.53
YKL082C	-12.65
YKL083W	-164.42
YKL084W	-2.22
YKL085W	-11.29
YKL086W	-0.98
YKL087C	-19.96
YKL088W	-5.40
YKL089W	-4.46
YKL090W	-4.50
YKL091C	-5.83
YKL092C	-16.53
YKL093W	-10.62
YKL094W	-3.10
YKL095W	
YKL096C-B	
YKL096W	-1.33
YKL096W-A	-1.43
YKL097C	
YKL098W	-6.28
YKL099C	-15.76
YKL100C	-4.47
YKL100W-A	
YKL101W	-37.11
YKL102C	
YKL103C	-9.61
YKL104C	-34.80
YKL105C	-40.16
YKL106C-A	-1.42
YKL106W	-22.73
YKL107W	-7.79
YKL108W	-18.44
YKL109W	-42.18
YKL110C	-11.93
YKL111C	
YKL112W	-33.32
YKL113C	-3.40
YKL114C	-10.16
YKL115C	
YKL116C	-45.94
YKL117W	-3.63
YKL118W	
YKL119C	-7.05
YKL120W	-14.99
YKL121W	-51.12
YKL122C	-6.61
YKL123W	-407.90
YKL124W	-19.29
YKL125W	-18.72
YKL126W	-40.80
YKL127W	-3.34
YKL128C	-2.67
YKL129C	-14.82
YKL130C	-4.17
YKL131W	
YKL132C	-26.39
YKL133C	-5.82
YKL134C	-8.35
YKL135C	-19.95
YKL136W	
YKL137W	-11.43
YKL138C	-19.56
YKL138C-A	-2.61
YKL139W	-33.64
YKL140W	-44.72
YKL141W	-2.93
YKL142W	-3.25
YKL143W	-6.43
YKL144C	-7.50
YKL145W	-6.75
YKL145W-A	-185.36
YKL146W	-9.66
YKL147C	
YKL148C	-21.68
YKL149C	-4.40
YKL150W	-8.93
YKL151C	-0.93
YKL152C	-1.78
YKL153W	
YKL154W	-17.16
YKL155C	-4.94
YKL156C-A	
YKL156W	-5.76
YKL157W	-5.66
YKL159C	-5.04
YKL160W	-1.21
YKL161C	-39.86
YKL162C	-15.39
YKL162C-A	
YKL163W	-183.24
YKL164C	-5.61
YKL165C	-6.83
YKL165C-A	
YKL166C	-44.81
YKL167C	-5.78
YKL168C	-3.10
YKL169C	-21.50
YKL170W	-18.30
YKL171W	-15.30
YKL172W	-3.71
YKL173W	-5.73
YKL174C	-11.72
YKL175W	-7.51
YKL176C	-99.28
YKL177W	
YKL178C	-22.28
YKL179C	-6.98
YKL180W	-3.03
YKL181W	-27.73
YKL182W	
YKL183C-A	
YKL183W	-20.03
YKL184W	-31.50
YKL185W	-48.38
YKL186C	-23.41
YKL187C	
YKL188C	
YKL189W	-20.69
YKL190W	-12.92
YKL191W	-8.40
YKL192C	-4.56
YKL193C	-5.09
YKL194C	-8.52
YKL195W	-6.77
YKL196C	-7.40
YKL197C	-6.31
YKL198C	-10.40
YKL201C	
YKL202W	
YKL203C	
YKL204W	-6.34
YKL205W	-7.55
YKL206C	-6.93
YKL207W	-5.89
YKL208W	-1.74
YKL209C	
YKL210W	-4.69
YKL211C	
YKL212W	-40.73
YKL213C	-4.17
YKL214C	-13.91
YKL215C	
YKL216W	-3.77
YKL217W	-9.53
YKL218C	-11.13
YKL219W	
YKL220C	-31.37
YKL221W	
YKL222C	-26.69
YKL223W	
YKL224C	
YKL225W	
YKR001C	-6.91
YKR002W	-57.00
YKR003W	-17.59
YKR004C	-4.48
YKR005C	-14.95
YKR006C	-7.36
YKR007W	-8.32
YKR008W	-3.14
YKR009C	-12.62
YKR010C	-16.07
YKR011C	-11.99
YKR012C	-285.59
YKR013W	-2.20
YKR014C	-26.02
YKR015C	-180.93
YKR016W	-5.96
YKR017C	-32.25
YKR018C	-6.35
YKR019C	-20.14
YKR020W	-1.61
YKR021W	-12.15
YKR022C	-10.99
YKR023W	-9.77
YKR024C	-3.88
YKR025W	-4.95
YKR026C	-14.73
YKR027W	-11.52
YKR028W	-82.33
YKR029C	-0.42
YKR030W	-6.22
YKR031C	
YKR032W	
YKR033C	
YKR034W	
YKR035C	
YKR035W-A	-7.02
YKR036C	-7.71
YKR037C	-3.11
YKR038C	-3.69
YKR039W	-1.97
YKR040C	
YKR041W	-1.71
YKR042W	-19.95
YKR043C	-6.21
YKR044W	-23.28
YKR045C	-7.56
YKR046C	-0.97
YKR047W	
YKR048C	-2.53
YKR049C	-4.35
YKR050W	-293.08
YKR051W	-22.99
YKR052C	-17.09
YKR053C	-97.06
YKR054C	
YKR055W	-3.39
YKR056W	
YKR057W	-2.41
YKR058W	-33.21
YKR059W	-6.52
YKR060W	-9.68
YKR061W	-22.88
YKR062W	-15.33
YKR063C	-3.34
YKR064W	-10.96
YKR065C	-3.70
YKR066C	-3.19
YKR067W	-13.75
YKR068C	-10.30
YKR069W	-17.20
YKR070W	-2.88
YKR071C	-7.65
YKR072C	-36.12
YKR073C	
YKR074W	-7.71
YKR075C	-6.19
YKR075W-A	-261.29
YKR076W	-14.35
YKR077W	-4.71
YKR078W	-2.41
YKR079C	-44.17
YKR080W	-30.53
YKR081C	-5.43
YKR082W	-3.14
YKR083C	-11.87
YKR084C	-11.52
YKR085C	-4.88
YKR086W	-7.16
YKR087C	-2.11
YKR088C	-1.99
YKR089C	-11.26
YKR090W	-27.49
YKR091W	-3.99
YKR092C	-3.51
YKR093W	-15.49
YKR094C	-8.84
YKR095W	
YKR095W-A	-5.14
YKR096W	-52.14
YKR097W	-14.96
YKR098C	-38.37
YKR099W	-59.07
YKR100C	-82.88
YKR101W	-0.12
YKR102W	
YKR103W	
YKR104W	-234.95
YKR105C	
YKR106W	
YLL001W	-9.49
YLL002W	-6.94
YLL003W	-7.16
YLL004W	-3.68
YLL005C	
YLL006W	-6.14
YLL006W-A	
YLL007C	-14.84
YLL008W	-9.91
YLL009C	-4.49
YLL010C	-38.86
YLL011W	-3.08
YLL012W	-12.62
YLL013C	-52.56
YLL014W	-2.41
YLL015W	-23.36
YLL018C	-4.95
YLL018C-A	-5.46
YLL019C	
YLL019W-A	
YLL020C	-126.75
YLL021W	
YLL022C	-0.18
YLL023C	-4.80
YLL024C	-7.07
YLL025W	-1.36
YLL026W	-1.86
YLL027W	-22.83
YLL028W	-30.94
YLL029W	-13.66
YLL030C	
YLL031C	-17.74
YLL032C	-21.78
YLL033W	-1.30
YLL034C	-8.34
YLL035W	-31.58
YLL036C	-8.23
YLL037W	-266.98
YLL038C	-8.10
YLL039C	-14.39
YLL040C	
YLL041C	-10.78
YLL042C	-9.37
YLL043W	-9.85
YLL044W	
YLL045C	-1.46
YLL046C	
YLL047W	
YLL048C	
YLL049W	
YLL050C	-3.04
YLL051C	-6.03
YLL052C	
YLL053C	
YLL054C	-7.23
YLL055W	-83.42
YLL056C	-258.21
YLL057C	
YLL058W	-13.62
YLL059C	-55.31
YLL060C	-217.66
YLL061W	-3.08
YLL062C	-14.71
YLL063C	-63.50
YLL064C	
YLL065W	
YLL066C	
YLL066W-A	
YLL066W-B	
YLL067C	
YLL067W-A	
YLR001C	-6.39
YLR002C	-9.49
YLR003C	-8.54
YLR004C	-13.70
YLR005W	-10.70
YLR006C	-42.39
YLR007W	-5.40
YLR008C	-15.40
YLR009W	-22.26
YLR010C	-2.61
YLR011W	-18.01
YLR012C	
YLR013W	
YLR014C	
YLR015W	-9.81
YLR016C	-10.14
YLR017W	-0.21
YLR018C	-8.39
YLR019W	-76.12
YLR020C	-14.22
YLR021W	-6.67
YLR022C	-4.19
YLR023C	-26.59
YLR024C	
YLR025W	-9.29
YLR026C	-8.48
YLR027C	-6.99
YLR028C	-31.85
YLR029C	-1.71
YLR030W	
YLR031W	
YLR032W	-5.26
YLR033W	-9.46
YLR034C	-27.16
YLR035C	-5.33
YLR036C	-10.77
YLR037C	-237.23
YLR038C	-7.77
YLR039C	
YLR040C	-11.34
YLR041W	-77.10
YLR042C	-3.32
YLR043C	-4.53
YLR044C	-4.78
YLR045C	-10.78
YLR046C	-347.13
YLR047C	-42.33
YLR048W	-5.73
YLR049C	-34.68
YLR050C	-3.52
YLR051C	-3.23
YLR052W	-8.66
YLR053C	-5.52
YLR054C	
YLR055C	-4.66
YLR056W	-13.54
YLR057W	-11.70
YLR058C	-3.58
YLR059C	-5.21
YLR060W	-4.83
YLR061W	-1.14
YLR062C	
YLR063W	
YLR064W	-3.71
YLR065C	-12.30
YLR066W	-5.76
YLR067C	-26.62
YLR068W	-4.65
YLR069C	-2.87
YLR070C	
YLR071C	-10.43
YLR072W	-3.21
YLR073C	-24.16
YLR074C	-6.40
YLR075W	-4.58
YLR076C	
YLR077W	-8.08
YLR078C	-21.42
YLR079W	-7.04
YLR080W	-3.30
YLR081W	-6.00
YLR082C	-11.74
YLR083C	-29.86
YLR084C	-11.76
YLR085C	-4.93
YLR086W	-5.92
YLR087C	
YLR088W	-5.13
YLR089C	-37.16
YLR090W	-3.46
YLR091W	-11.64
YLR092W	
YLR093C	-12.48
YLR094C	-6.24
YLR095C	-5.23
YLR096W	
YLR097C	-12.67
YLR098C	-4.76
YLR099C	-10.37
YLR099W-A	-9.55
YLR100W	-0.94
YLR101C	
YLR102C	-3.63
YLR103C	-11.44
YLR104W	-8.93
YLR105C	-5.93
YLR106C	
YLR107W	-3.91
YLR108C	-18.01
YLR109W	-1.86
YLR110C	-2.08
YLR111W	-212.33
YLR112W	-18.98
YLR113W	-30.58
YLR114C	-15.99
YLR115W	-1.20
YLR116W	-0.55
YLR117C	-3.29
YLR118C	-6.85
YLR119W	
YLR120C	-16.88
YLR120W-A	-60.84
YLR121C	-7.31
YLR122C	-78.22
YLR123C	-68.94
YLR124W	
YLR125W	-392.23
YLR126C	-5.99
YLR127C	-15.27
YLR128W	-9.31
YLR129W	-12.27
YLR130C	-32.99
YLR131C	-49.93
YLR132C	-17.85
YLR133W	-3.29
YLR134W	-3.37
YLR135W	-15.61
YLR136C	-5.70
YLR137W	-5.74
YLR138W	-27.81
YLR139C	-3.23
YLR140W	
YLR141W	-9.24
YLR142W	-5.11
YLR143W	-3.24
YLR144C	-2.42
YLR145W	-0.39
YLR146C	-4.40
YLR146W-A	-4.01
YLR147C	-5.52
YLR148W	-1.65
YLR149C	-9.33
YLR149C-A	
YLR150W	-5.70
YLR151C	-1.25
YLR152C	-28.95
YLR153C	-1.33
YLR154C	-14.31
YLR154C-G	
YLR154C-H	
YLR154W-A	
YLR154W-B	
YLR154W-C	
YLR154W-E	
YLR154W-F	
YLR155C	
YLR156C-A	
YLR156W	
YLR157C	
YLR157C-C	
YLR157W-D	
YLR157W-E	
YLR158C	
YLR159C-A	
YLR159W	
YLR160C	
YLR161W	
YLR162W	
YLR162W-A	
YLR163C	-6.30
YLR163W-A	
YLR164W	-77.97
YLR165C	-3.11
YLR166C	-10.27
YLR167W	-11.28
YLR168C	-3.79
YLR169W	
YLR170C	-1.99
YLR171W	
YLR172C	-6.94
YLR173W	-17.05
YLR174W	-58.43
YLR175W	-7.04
YLR176C	
YLR177W	-5.58
YLR178C	-11.54
YLR179C	-13.87
YLR180W	-4.48
YLR181C	-11.86
YLR182W	-5.29
YLR183C	-5.48
YLR184W	
YLR185W	-5.90
YLR186W	-8.09
YLR187W	-47.79
YLR188W	-14.46
YLR189C	-9.39
YLR190W	-69.75
YLR191W	-7.43
YLR192C	-3.78
YLR193C	-10.93
YLR194C	-1.22
YLR195C	-4.18
YLR196W	-9.10
YLR197W	-9.39
YLR198C	
YLR199C	-10.74
YLR200W	-6.04
YLR201C	-5.96
YLR202C	-383.38
YLR203C	-13.59
YLR204W	-4.62
YLR205C	-1.89
YLR206W	
YLR207W	-2.49
YLR208W	-15.28
YLR209C	-3.21
YLR210W	-17.76
YLR211C	-12.79
YLR212C	-4.73
YLR213C	-5.60
YLR214W	-17.53
YLR215C	-9.30
YLR216C	-3.51
YLR217W	-18.94
YLR218C	
YLR219W	-37.04
YLR220W	-21.56
YLR221C	-6.61
YLR222C	-6.84
YLR222C-A	
YLR223C	
YLR224W	-47.47
YLR225C	-3.55
YLR226W	-12.83
YLR227C	-85.39
YLR228C	-42.50
YLR229C	-39.21
YLR230W	
YLR231C	-3.41
YLR232W	
YLR233C	-6.49
YLR234W	-9.05
YLR235C	-212.07
YLR236C	-161.11
YLR237W	-14.52
YLR238W	-22.99
YLR239C	-8.15
YLR240W	-13.86
YLR241W	-8.33
YLR242C	-23.57
YLR243W	-11.38
YLR244C	-2.03
YLR245C	-0.63
YLR246W	-10.29
YLR247C	
YLR248W	-12.77
YLR249W	-7.09
YLR250W	-11.84
YLR251W	-25.54
YLR252W	-165.98
YLR253W	-16.64
YLR254C	-20.89
YLR255C	-14.46
YLR256W	
YLR257W	-37.41
YLR258W	-15.43
YLR259C	-5.63
YLR260W	-21.69
YLR261C	-81.98
YLR262C	-7.69
YLR262C-A	-6.10
YLR263W	-109.69
YLR264C-A	
YLR264W	-2.79
YLR265C	
YLR266C	-12.28
YLR267W	-13.70
YLR268W	-9.42
YLR269C	
YLR270W	-11.69
YLR271W	-28.19
YLR272C	-19.92
YLR273C	-54.55
YLR274W	-8.66
YLR275W	-10.13
YLR276C	-17.31
YLR277C	-23.99
YLR278C	
YLR279W	
YLR280C	-51.01
YLR281C	-6.12
YLR282C	
YLR283W	-3.63
YLR284C	-7.36
YLR285C-A	-138.47
YLR285W	-4.81
YLR286C	-18.26
YLR286W-A	-28.62
YLR287C	-13.29
YLR287C-A	-3.71
YLR288C	-4.03
YLR289W	-3.73
YLR290C	-2.20
YLR291C	-2.83
YLR292C	-4.20
YLR293C	-7.09
YLR294C	-100.15
YLR295C	-3.70
YLR296W	-59.63
YLR297W	-16.17
YLR298C	-2.75
YLR299C-A	
YLR299W	-31.35
YLR300W	-20.32
YLR301W	-0.89
YLR302C	
YLR303W	-3.75
YLR304C	-8.28
YLR305C	
YLR306W	-6.70
YLR307C-A	
YLR307W	-12.31
YLR308W	
YLR309C	-5.06
YLR310C	
YLR311C	-363.61
YLR312C	-30.90
YLR312W-A	-6.77
YLR313C	-2.54
YLR314C	-8.57
YLR315W	-2.36
YLR316C	-5.04
YLR317W	-255.87
YLR318W	
YLR319C	-13.12
YLR320W	
YLR321C	-3.84
YLR322W	
YLR323C	-2.89
YLR324W	-15.54
YLR325C	-1.45
YLR326W	-17.03
YLR327C	-5.83
YLR328W	-29.37
YLR329W	
YLR330W	-4.31
YLR331C	
YLR332W	-66.40
YLR333C	-1.97
YLR334C	
YLR335W	-5.10
YLR336C	-7.54
YLR337C	-17.27
YLR338W	
YLR339C	
YLR340W	-6.44
YLR341W	
YLR342W	
YLR342W-A	-337.16
YLR343W	
YLR344W	-2.14
YLR345W	-16.78
YLR346C	-9.61
YLR347C	-25.88
YLR347W-A	
YLR348C	-4.32
YLR349W	
YLR350W	-9.86
YLR351C	-7.98
YLR352W	-31.91
YLR353W	-89.96
YLR354C	-4.68
YLR355C	-10.02
YLR356W	-7.44
YLR357W	-11.11
YLR358C	
YLR359W	-8.09
YLR360W	-17.69
YLR361C	-7.58
YLR361C-A	-2.08
YLR362W	-4.80
YLR363C	-8.17
YLR363W-A	-1.49
YLR364C-A	
YLR364W	-7.52
YLR365W	
YLR366W	
YLR367W	-3.90
YLR368W	-6.69
YLR369W	
YLR370C	-5.11
YLR371W	
YLR372W	-25.19
YLR373C	-2.50
YLR374C	
YLR375W	-11.84
YLR376C	-1.58
YLR377C	
YLR378C	-33.39
YLR379W	
YLR380W	-11.62
YLR381W	-6.90
YLR382C	-22.37
YLR383W	-20.10
YLR384C	
YLR385C	
YLR386W	-5.18
YLR387C	-12.55
YLR388W	-6.25
YLR389C	-10.63
YLR390W	-45.17
YLR390W-A	-5.10
YLR392C	-36.76
YLR393W	-8.18
YLR394W	-146.52
YLR395C	-5.66
YLR396C	-8.64
YLR397C	-5.10
YLR398C	-4.89
YLR399C	-10.26
YLR399W-A	
YLR400W	-26.25
YLR401C	-5.31
YLR402W	
YLR403W	-134.92
YLR404W	-3.60
YLR405W	-5.73
YLR406C	-4.97
YLR406C-A	-331.53
YLR407W	-51.54
YLR408C	-1.94
YLR409C	-10.55
YLR410W	
YLR411W	-2.67
YLR412C-A	-73.60
YLR412W	-8.82
YLR413W	-7.53
YLR414C	-16.99
YLR415C	-44.70
YLR416C	
YLR417W	-22.31
YLR418C	-11.77
YLR419W	-4.14
YLR420W	-2.93
YLR421C	-11.76
YLR422W	
YLR423C	-6.77
YLR424W	-8.31
YLR425W	
YLR426W	-3.47
YLR427W	-25.20
YLR428C	-20.24
YLR429W	-12.80
YLR430W	
YLR431C	-31.92
YLR432W	-23.70
YLR433C	-25.09
YLR434C	
YLR435W	-9.27
YLR436C	-9.34
YLR437C	-1.84
YLR437C-A	-220.96
YLR438C-A	-3.17
YLR438W	-2.22
YLR439W	-7.99
YLR440C	-11.69
YLR441C	-5.24
YLR442C	-11.17
YLR443W	-30.94
YLR444C	
YLR445W	
YLR446W	-10.39
YLR447C	-12.97
YLR448W	-6.26
YLR449W	-3.26
YLR450W	-36.74
YLR451W	-22.76
YLR452C	-42.73
YLR453C	-5.72
YLR454W	
YLR455W	-55.98
YLR456W	-0.50
YLR457C	-4.44
YLR458W	
YLR459W	-4.04
YLR460C	-5.67
YLR461W	
YLR462W	
YLR463C	
YLR464W	
YLR465C	
YLR466C-A	
YLR466C-B	
YLR466W	
YLR467C-A	
YLR467W	
YML001W	-17.00
YML002W	-44.15
YML003W	
YML004C	-2.33
YML005W	-4.38
YML006C	-36.95
YML007C-A	-1.69
YML007W	-39.23
YML008C	-1.18
YML009C	-9.36
YML009C-A	
YML009W-B	-394.65
YML010W	-8.82
YML011C	-1.51
YML012C-A	
YML012W	-8.91
YML013W	-1.91
YML014W	-2.38
YML015C	-8.78
YML016C	
YML017W	-19.34
YML018C	-32.19
YML019W	-2.79
YML020W	-33.41
YML021C	-5.47
YML022W	-2.35
YML023C	-8.91
YML024W	-4.16
YML025C	-7.86
YML026C	-4.32
YML027W	-16.32
YML028W	-1.41
YML029W	-15.63
YML030W	-5.01
YML031C-A	
YML031W	-6.06
YML032C	-10.78
YML034C-A	
YML034W	-14.02
YML035C	-25.99
YML036W	-6.95
YML037C	-8.25
YML038C	-29.67
YML041C	-9.12
YML042W	
YML043C	-23.99
YML046W	-18.14
YML047C	
YML047W-A	
YML048W	-5.75
YML049C	
YML050W	-0.51
YML051W	-6.89
YML052W	-6.71
YML053C	-17.81
YML054C	-4.03
YML054C-A	
YML055W	-12.92
YML056C	-13.56
YML057C-A	
YML057W	-15.49
YML058W	-1.53
YML058W-A	-2.43
YML059C	
YML060W	-16.53
YML061C	-25.51
YML062C	-3.96
YML063W	-6.68
YML064C	-11.46
YML065W	-18.30
YML066C	
YML067C	-4.54
YML068W	-15.36
YML069W	-8.26
YML070W	-8.65
YML071C	-12.05
YML072C	-36.58
YML073C	-1.81
YML074C	-3.48
YML075C	-22.50
YML076C	-3.67
YML077W	-7.33
YML078W	-2.79
YML079W	-3.40
YML080W	-19.62
YML081C-A	-8.90
YML081W	-44.75
YML082W	-6.82
YML083C	
YML084W	
YML085C	-5.68
YML086C	-25.04
YML087C	-4.50
YML088W	-16.52
YML089C	-41.47
YML090W	
YML091C	
YML092C	-1.35
YML093W	-2.13
YML094C-A	
YML094W	-0.33
YML095C	-6.12
YML096W	-10.16
YML097C	-9.67
YML098W	-9.02
YML099C	-4.25
YML099W-A	
YML100W	-6.18
YML100W-A	-378.30
YML101C	-6.87
YML101C-A	-2.48
YML102W	-7.65
YML103C	
YML104C	-9.11
YML105C	-2.72
YML106W	-50.67
YML107C	-4.15
YML108W	-10.25
YML109W	-16.03
YML110C	-5.84
YML111W	
YML112W	-6.72
YML113W	-13.09
YML114C	-6.97
YML115C	-9.33
YML116W	-11.69
YML116W-A	-352.41
YML117W	-35.06
YML118W	-22.22
YML119W	-5.74
YML120C	-5.56
YML121W	-13.44
YML122C	
YML123C	-3.44
YML124C	-5.86
YML125C	-4.15
YML126C	
YML127W	-12.59
YML128C	-13.29
YML129C	-3.36
YML130C	-10.35
YML131W	-7.80
YML132W	
YML133C	
YML133W-A	
YML133W-B	
YMR001C	-67.28
YMR001C-A	
YMR002W	-3.29
YMR003W	-9.02
YMR004W	-7.70
YMR005W	-17.00
YMR006C	-15.67
YMR007W	-8.14
YMR008C	-25.13
YMR009W	-7.78
YMR010W	-43.71
YMR011W	-4.01
YMR012W	-26.23
YMR013C	-15.29
YMR013C-A	-44.46
YMR013W-A	-57.57
YMR014W	-8.98
YMR015C	-6.86
YMR016C	-48.19
YMR017W	
YMR018W	
YMR019W	
YMR020W	-8.22
YMR021C	-8.99
YMR022W	-4.75
YMR023C	-7.88
YMR024W	-2.41
YMR025W	-3.57
YMR026C	-25.22
YMR027W	-19.57
YMR028W	-2.59
YMR029C	-12.73
YMR030W	-38.18
YMR030W-A	
YMR031C	-12.30
YMR031W-A	
YMR032W	-11.09
YMR033W	-8.59
YMR034C	-23.72
YMR035W	-9.61
YMR036C	-10.92
YMR037C	-99.48
YMR038C	-3.01
YMR039C	-23.46
YMR040W	-13.74
YMR041C	-20.56
YMR042W	-11.79
YMR043W	-14.92
YMR044W	-9.02
YMR046W-A	
YMR047C	-21.18
YMR048W	-4.63
YMR049C	-6.87
YMR052C-A	-63.38
YMR052W	-2.19
YMR053C	-1.46
YMR054W	-43.64
YMR055C	-3.53
YMR056C	-20.43
YMR057C	
YMR058W	-10.37
YMR059W	-6.61
YMR060C	-7.18
YMR061W	-8.74
YMR062C	-3.46
YMR063W	-8.27
YMR064W	-208.65
YMR065W	
YMR066W	-2.12
YMR067C	-7.07
YMR068W	-2.39
YMR069W	
YMR070W	
YMR071C	-9.93
YMR072W	-0.39
YMR073C	-14.59
YMR074C	-5.51
YMR075C-A	
YMR075W	-4.83
YMR076C	-21.26
YMR077C	-13.68
YMR078C	-9.47
YMR079W	-5.57
YMR080C	-15.39
YMR081C	-26.48
YMR082C	
YMR083W	-13.41
YMR084W	
YMR085W	-111.76
YMR086C-A	-198.71
YMR086W	-7.40
YMR087W	-5.26
YMR088C	-25.00
YMR089C	-42.73
YMR090W	-40.73
YMR091C	-10.09
YMR092C	-4.66
YMR093W	-14.31
YMR094W	-1.69
YMR095C	
YMR096W	-103.86
YMR097C	-3.48
YMR098C	-14.85
YMR099C	-0.54
YMR100W	-68.05
YMR101C	
YMR102C	-32.52
YMR103C	-282.96
YMR104C	-9.81
YMR105C	-8.30
YMR105W-A	
YMR106C	-11.63
YMR107W	-5.21
YMR108W	-32.90
YMR109W	-8.66
YMR110C	-5.31
YMR111C	-14.59
YMR112C	-10.44
YMR113W	-15.36
YMR114C	-9.87
YMR115W	-10.00
YMR116C	-2.73
YMR117C	-4.11
YMR118C	
YMR119W	-28.50
YMR119W-A	-435.07
YMR120C	-7.12
YMR121C	-2.25
YMR122C	-174.72
YMR122W-A	-1.56
YMR123W	-5.12
YMR124W	-65.32
YMR125W	-13.27
YMR126C	-50.17
YMR127C	-21.97
YMR128W	-9.49
YMR129W	-11.47
YMR130W	-18.19
YMR131C	-8.78
YMR132C	-10.87
YMR133W	
YMR134W	-11.41
YMR135C	-10.95
YMR135W-A	
YMR136W	-16.38
YMR137C	-11.29
YMR138W	-4.96
YMR139W	-34.34
YMR140W	-9.49
YMR141C	
YMR141W-A	
YMR142C	-5.09
YMR143W	-5.44
YMR144W	-29.53
YMR145C	-13.13
YMR146C	-4.52
YMR147W	-6.12
YMR148W	-50.46
YMR149W	
YMR150C	
YMR151W	
YMR152W	-3.80
YMR153C-A	-297.31
YMR153W	-5.24
YMR154C	-8.95
YMR155W	-5.01
YMR156C	-1.74
YMR157C	-3.01
YMR158C-A	-400.73
YMR158W	-11.05
YMR158W-B	
YMR159C	
YMR160W	-13.13
YMR161W	-14.88
YMR162C	
YMR163C	-33.95
YMR164C	
YMR165C	-26.07
YMR166C	-40.32
YMR167W	-0.37
YMR168C	-5.12
YMR169C	-68.83
YMR170C	-1.61
YMR171C	-43.18
YMR172C-A	
YMR172W	
YMR173W	-7.55
YMR173W-A	-50.34
YMR174C	-0.94
YMR175W	-66.84
YMR175W-A	
YMR176W	-21.87
YMR177W	-21.89
YMR178W	-8.53
YMR179W	-26.39
YMR180C	-2.95
YMR181C	-36.50
YMR182C	-22.08
YMR182W-A	-392.72
YMR183C	-18.13
YMR184W	-6.89
YMR185W	-0.67
YMR186W	-5.17
YMR187C	-3.56
YMR188C	-13.02
YMR189W	-26.49
YMR190C	
YMR191W	
YMR192W	-13.04
YMR193C-A	
YMR193W	-2.71
YMR194C-A	-14.51
YMR194C-B	-10.40
YMR194W	-2.47
YMR195W	-8.83
YMR196W	-20.11
YMR197C	-6.00
YMR198W	-60.87
YMR199W	-37.08
YMR200W	-25.28
YMR201C	-11.51
YMR202W	-1.73
YMR203W	-9.01
YMR204C	-3.51
YMR205C	-10.27
YMR206W	-29.30
YMR207C	
YMR208W	-3.83
YMR209C	-9.77
YMR210W	-10.01
YMR211W	-1.82
YMR212C	-31.86
YMR213W	-5.05
YMR214W	-2.73
YMR215W	-13.09
YMR216C	-35.54
YMR217W	-11.49
YMR218C	-7.11
YMR219W	
YMR220W	-9.02
YMR221C	-5.36
YMR222C	-3.40
YMR223W	-45.28
YMR224C	-9.92
YMR225C	-2.48
YMR226C	-8.15
YMR227C	-9.66
YMR228W	-5.55
YMR229C	
YMR230W	-3.74
YMR230W-A	
YMR231W	-8.55
YMR232W	
YMR233W	-6.29
YMR234W	-25.13
YMR235C	-7.84
YMR236W	-3.82
YMR237W	-14.54
YMR238W	-23.99
YMR239C	-12.54
YMR240C	-21.60
YMR241W	-22.61
YMR242C	-9.49
YMR242W-A	
YMR243C	-16.53
YMR244C-A	-5.22
YMR244W	
YMR245W	
YMR246W	-37.06
YMR247C	
YMR247W-A	
YMR250W	-9.16
YMR251W	
YMR251W-A	-3.50
YMR252C	-8.48
YMR253C	-9.15
YMR254C	
YMR255W	-8.37
YMR256C	-3.26
YMR257C	-60.05
YMR258C	-9.39
YMR259C	-11.55
YMR260C	-3.90
YMR261C	-15.80
YMR262W	-8.92
YMR263W	-8.60
YMR264W	-11.58
YMR265C	-0.52
YMR266W	-7.17
YMR267W	-17.26
YMR268C	-10.75
YMR269W	-4.85
YMR270C	-25.61
YMR271C	-20.61
YMR272C	-8.64
YMR272W-A	
YMR272W-B	
YMR273C	-40.47
YMR274C	-13.38
YMR275C	-11.00
YMR276W	-4.32
YMR277W	-21.39
YMR278W	-7.67
YMR279C	-17.08
YMR280C	
YMR281W	-13.84
YMR282C	-10.04
YMR283C	-17.72
YMR284W	-4.29
YMR285C	-0.81
YMR286W	-6.17
YMR287C	
YMR288W	-6.19
YMR289W	-3.65
YMR290C	-5.80
YMR290W-A	
YMR291W	-8.62
YMR292W	-6.77
YMR293C	-5.31
YMR294W	-6.38
YMR294W-A	
YMR295C	-4.24
YMR296C	-22.81
YMR297W	-6.93
YMR298W	-3.77
YMR299C	-2.84
YMR300C	-27.33
YMR301C	-10.54
YMR302C	-10.67
YMR303C	-3.37
YMR304C-A	-333.79
YMR304W	-43.52
YMR305C	-25.31
YMR306C-A	
YMR306W	
YMR307C-A	
YMR307W	-5.68
YMR308C	-39.39
YMR309C	-13.73
YMR310C	-12.71
YMR311C	-6.06
YMR312W	-3.11
YMR313C	-9.94
YMR314W	-6.50
YMR315W	-7.40
YMR315W-A	
YMR316C-A	-244.17
YMR316C-B	-297.67
YMR316W	-12.01
YMR317W	
YMR318C	-5.85
YMR319C	-15.01
YMR320W	-282.10
YMR321C	
YMR322C	
YMR323W	
YMR324C	
YMR325W	
YMR326C	
YNL001W	-7.18
YNL002C	-5.73
YNL003C	-4.69
YNL004W	-2.70
YNL005C	-16.37
YNL006W	-4.04
YNL007C	-19.45
YNL008C	-9.25
YNL009W	-4.95
YNL010W	-6.95
YNL011C	-47.74
YNL012W	-1.36
YNL013C	
YNL014W	
YNL015W	-2.84
YNL016W	-9.60
YNL017C	
YNL018C	
YNL019C	
YNL020C	-19.46
YNL021W	-9.07
YNL022C	-6.61
YNL023C	-15.64
YNL024C	-5.40
YNL024C-A	-13.02
YNL025C	-14.83
YNL026W	-2.90
YNL027W	-22.78
YNL028W	
YNL029C	-13.62
YNL030W	-2.01
YNL031C	-1.83
YNL032W	-29.83
YNL033W	-2.36
YNL034W	
YNL035C	-9.21
YNL036W	-1.76
YNL037C	-11.76
YNL038W	-1.00
YNL039W	-7.93
YNL040W	-9.63
YNL041C	-13.50
YNL042W	-213.71
YNL042W-B	
YNL043C	-15.40
YNL044W	-13.72
YNL045W	-1.33
YNL046W	-41.67
YNL047C	-4.42
YNL048W	-14.66
YNL049C	-2.76
YNL050C	-11.53
YNL051W	-4.87
YNL052W	-1.76
YNL053W	-17.53
YNL054W	
YNL055C	-1.55
YNL056W	-7.20
YNL057W	-312.49
YNL058C	-7.29
YNL059C	-5.50
YNL061W	-3.00
YNL062C	-7.98
YNL063W	-27.59
YNL064C	-20.14
YNL065W	-20.33
YNL066W	-37.40
YNL067W	-2.42
YNL067W-A	
YNL067W-B	
YNL068C	-29.25
YNL069C	-2.39
YNL070W	-9.61
YNL071W	-9.50
YNL072W	-5.56
YNL073W	-1.24
YNL074C	-10.00
YNL075W	-9.55
YNL076W	-46.99
YNL077W	-23.96
YNL078W	-2.32
YNL079C	-2.09
YNL080C	-38.25
YNL081C	-7.92
YNL082W	-11.06
YNL083W	-3.45
YNL084C	-14.95
YNL085W	-51.00
YNL086W	-12.92
YNL087W	-22.62
YNL088W	
YNL089C	
YNL090W	-40.27
YNL091W	-32.30
YNL092W	-9.93
YNL093W	-33.09
YNL094W	-66.31
YNL095C	-36.76
YNL096C	-4.77
YNL097C	-18.76
YNL097C-B	
YNL097W-A	-29.04
YNL098C	-36.02
YNL099C	-5.77
YNL100W	-6.58
YNL101W	-32.17
YNL102W	
YNL103W	-34.96
YNL103W-A	-207.61
YNL104C	-23.51
YNL105W	
YNL106C	-15.71
YNL107W	-9.46
YNL108C	-4.89
YNL109W	-16.35
YNL110C	-3.58
YNL111C	-17.49
YNL112W	-7.59
YNL113W	-6.58
YNL114C	-50.30
YNL115C	-11.23
YNL116W	-13.16
YNL117W	-2.46
YNL118C	-5.97
YNL119W	-6.62
YNL120C	
YNL121C	-9.50
YNL122C	
YNL123W	-6.71
YNL124W	-10.12
YNL125C	-32.85
YNL126W	-11.02
YNL127W	-11.31
YNL128W	
YNL129W	-14.72
YNL130C	-9.84
YNL130C-A	-102.30
YNL131W	-3.61
YNL132W	-19.17
YNL133C	-5.92
YNL134C	-5.53
YNL135C	-1.95
YNL136W	-4.27
YNL137C	-27.67
YNL138W	-5.29
YNL138W-A	-4.26
YNL139C	
YNL140C	-187.08
YNL141W	-2.02
YNL142W	-67.47
YNL143C	
YNL144C	-26.54
YNL144W-A	
YNL145W	-1.05
YNL146C-A	
YNL146W	-9.02
YNL147W	-8.22
YNL148C	-8.21
YNL149C	-5.23
YNL150W	
YNL151C	-11.41
YNL152W	-7.74
YNL153C	-6.57
YNL154C	-43.99
YNL155W	-27.24
YNL156C	-30.48
YNL157W	-6.13
YNL158W	
YNL159C	-7.79
YNL160W	-7.24
YNL161W	-31.65
YNL162W	-4.01
YNL162W-A	-3.68
YNL163C	-11.81
YNL164C	-22.78
YNL165W	-12.00
YNL166C	-3.27
YNL167C	-67.75
YNL168C	-8.69
YNL169C	-28.77
YNL170W	-222.44
YNL171C	
YNL172W	
YNL173C	-9.51
YNL174W	
YNL175C	-5.99
YNL176C	-33.09
YNL177C	-6.54
YNL178W	-1.48
YNL179C	
YNL180C	-44.42
YNL181W	-11.82
YNL182C	-11.84
YNL183C	-33.82
YNL184C	
YNL185C	-18.82
YNL186W	-36.27
YNL187W	-38.28
YNL188W	-9.12
YNL189W	-31.55
YNL190W	-36.70
YNL191W	-10.17
YNL192W	-30.94
YNL193W	-3.39
YNL194C	
YNL195C	
YNL196C	
YNL197C	-62.36
YNL198C	
YNL199C	-20.19
YNL200C	-17.57
YNL201C	-53.76
YNL202W	-10.55
YNL203C	-60.11
YNL204C	-250.55
YNL205C	-54.17
YNL206C	-1.34
YNL207W	-13.66
YNL208W	-5.80
YNL209W	-5.43
YNL210W	
YNL211C	-8.59
YNL212W	-14.63
YNL213C	-14.69
YNL214W	-3.63
YNL215W	-13.34
YNL216W	-14.67
YNL217W	-5.43
YNL218W	-50.59
YNL219C	-32.47
YNL220W	-7.52
YNL221C	-18.65
YNL222W	-7.87
YNL223W	-3.41
YNL224C	-18.58
YNL225C	-6.23
YNL226W	
YNL227C	-8.93
YNL228W	-136.97
YNL229C	
YNL230C	-16.17
YNL231C	-5.57
YNL232W	-7.27
YNL233W	-32.70
YNL234W	-11.84
YNL235C	
YNL236W	-13.84
YNL237W	-8.63
YNL238W	-58.16
YNL239W	-8.46
YNL240C	-5.64
YNL241C	-13.87
YNL242W	
YNL243W	-10.29
YNL244C	-1.86
YNL245C	-6.07
YNL246W	-0.65
YNL247W	-3.07
YNL248C	-9.71
YNL249C	-4.92
YNL250W	
YNL251C	-48.06
YNL252C	-4.47
YNL253W	-4.91
YNL254C	-17.72
YNL255C	-1.72
YNL256W	-10.41
YNL257C	
YNL258C	-5.88
YNL259C	-2.40
YNL260C	
YNL261W	-10.98
YNL262W	
YNL263C	-30.91
YNL264C	-5.77
YNL265C	-2.74
YNL266W	
YNL267W	-17.98
YNL268W	-11.50
YNL269W	-170.44
YNL270C	-49.01
YNL271C	
YNL272C	-21.63
YNL273W	-14.16
YNL274C	-6.82
YNL275W	-13.05
YNL276C	-24.70
YNL277W	-17.65
YNL277W-A	-1.27
YNL278W	-30.32
YNL279W	
YNL280C	-16.04
YNL281W	-8.17
YNL282W	
YNL283C	-72.93
YNL284C	
YNL285W	
YNL286W	-22.85
YNL287W	-37.61
YNL288W	-26.71
YNL289W	-6.21
YNL290W	-6.92
YNL291C	-54.03
YNL292W	-2.30
YNL293W	-10.64
YNL294C	-51.17
YNL295W	-38.11
YNL296W	
YNL297C	
YNL298W	-36.03
YNL299W	-18.56
YNL300W	-4.30
YNL301C	-2.15
YNL302C	-5.03
YNL303W	
YNL304W	-6.53
YNL305C	-5.98
YNL306W	-16.93
YNL307C	-29.88
YNL308C	-1.96
YNL309W	-12.07
YNL310C	-7.82
YNL311C	-6.34
YNL312W	-9.79
YNL313C	-5.54
YNL314W	-7.68
YNL315C	-1.85
YNL316C	-3.24
YNL317W	-4.01
YNL318C	
YNL319W	
YNL320W	-10.77
YNL321W	-6.45
YNL322C	-5.77
YNL323W	-11.52
YNL324W	
YNL325C	-1.14
YNL326C	-12.15
YNL327W	-2.26
YNL328C	-13.54
YNL329C	-3.00
YNL330C	-13.31
YNL331C	-69.33
YNL332W	
YNL333W	
YNL334C	
YNL335W	
YNL336W	
YNL337W	
YNL338W	
YNL339C	
YNL339W-A	
YNL339W-B	
YNR001C	-18.02
YNR001W-A	-11.06
YNR002C	-14.16
YNR003C	-3.63
YNR003W-A	
YNR004W	-5.99
YNR005C	
YNR006W	-3.74
YNR007C	-4.39
YNR008W	-11.11
YNR009W	-12.07
YNR010W	-2.96
YNR011C	-1.62
YNR012W	-11.39
YNR013C	-9.59
YNR014W	-6.68
YNR015W	-3.91
YNR016C	
YNR017W	-27.46
YNR018W	-9.22
YNR019W	
YNR020C	
YNR021W	-3.03
YNR022C	-6.95
YNR023W	-6.65
YNR024W	-7.18
YNR025C	
YNR026C	-7.20
YNR027W	-14.40
YNR028W	-14.85
YNR029C	-9.40
YNR030W	-17.51
YNR031C	
YNR032C-A	-5.39
YNR032W	-28.25
YNR033W	-4.52
YNR034W	-13.20
YNR034W-A	-8.71
YNR035C	-3.20
YNR036C	-7.31
YNR037C	-3.45
YNR038W	-4.52
YNR039C	-11.16
YNR040W	-3.92
YNR041C	-9.63
YNR042W	
YNR043W	-4.77
YNR044W	-20.24
YNR045W	-12.98
YNR046W	-5.27
YNR047W	-17.20
YNR048W	-9.34
YNR049C	-4.28
YNR050C	-12.39
YNR051C	-145.64
YNR052C	-19.14
YNR053C	-4.68
YNR054C	-10.57
YNR055C	-70.04
YNR056C	-102.97
YNR057C	-24.56
YNR058W	-72.43
YNR059W	-17.32
YNR060W	-8.00
YNR061C	-14.52
YNR062C	
YNR063W	-16.47
YNR064C	
YNR065C	
YNR066C	
YNR067C	-8.55
YNR068C	
YNR069C	-29.67
YNR070W	
YNR071C	-94.71
YNR072W	-130.08
YNR073C	-0.71
YNR074C	
YNR075C-A	
YNR075W	
YNR076W	
YNR077C	
YOL001W	
YOL002C	-7.70
YOL003C	-2.20
YOL004W	
YOL005C	-6.71
YOL006C	-13.46
YOL007C	-13.94
YOL008W	-8.05
YOL009C	-13.42
YOL010W	-7.14
YOL011W	-173.75
YOL012C	-12.85
YOL013C	-31.22
YOL013W-A	
YOL013W-B	
YOL014W	-31.27
YOL015W	-166.72
YOL016C	-19.25
YOL017W	-11.82
YOL018C	-14.62
YOL019W	-20.79
YOL019W-A	
YOL020W	-15.85
YOL021C	-2.82
YOL022C	-2.33
YOL023W	-2.56
YOL024W	
YOL025W	-15.30
YOL026C	-6.36
YOL027C	-6.40
YOL028C	-45.07
YOL029C	-63.57
YOL030W	-5.62
YOL031C	-14.13
YOL032W	-12.59
YOL033W	-8.36
YOL034W	-11.85
YOL035C	
YOL036W	-61.36
YOL037C	-15.29
YOL038C-A	-20.83
YOL038W	-4.40
YOL039W	-3.01
YOL040C	-5.01
YOL041C	-8.08
YOL042W	-17.14
YOL043C	-24.58
YOL044W	-16.23
YOL045W	
YOL046C	
YOL047C	
YOL048C	-16.58
YOL049W	-8.83
YOL050C	
YOL051W	
YOL052C	-12.22
YOL052C-A	-3.41
YOL053W	
YOL054W	-10.39
YOL055C	-3.89
YOL056W	-11.05
YOL057W	-5.75
YOL058W	-6.24
YOL059W	-1.14
YOL060C	-11.22
YOL061W	-13.17
YOL062C	-5.37
YOL063C	-14.28
YOL064C	-3.23
YOL065C	-3.17
YOL066C	-7.33
YOL067C	-5.24
YOL068C	-70.42
YOL069W	-6.09
YOL070C	-1.44
YOL071W	-0.35
YOL072W	-3.07
YOL073C	-3.31
YOL075C	
YOL076W	-3.91
YOL077C	-7.94
YOL077W-A	-3.16
YOL078W	-5.67
YOL079W	
YOL080C	-7.88
YOL081W	
YOL082W	-68.26
YOL083C-A	
YOL083W	-19.59
YOL084W	
YOL085C	
YOL085W-A	-141.66
YOL086C	-2.74
YOL086W-A	-10.66
YOL087C	-58.79
YOL088C	-7.42
YOL089C	-15.80
YOL090W	-6.76
YOL091W	
YOL092W	-5.37
YOL093W	-6.96
YOL094C	-4.14
YOL095C	-9.16
YOL096C	-6.79
YOL097C	-6.58
YOL097W-A	-40.09
YOL098C	-22.33
YOL099C	
YOL100W	
YOL101C	-5.28
YOL102C	-7.97
YOL103W	-34.86
YOL104C	
YOL105C	-56.36
YOL106W	-91.16
YOL107W	-10.37
YOL108C	-3.98
YOL109W	-1.95
YOL110W	-9.88
YOL111C	-4.67
YOL112W	-26.98
YOL113W	-30.52
YOL114C	-4.62
YOL115W	-14.22
YOL116W	-24.49
YOL117W	-9.48
YOL118C	-104.41
YOL119C	-12.97
YOL120C	-4.76
YOL121C	-3.63
YOL122C	-8.89
YOL123W	-65.21
YOL124C	-9.53
YOL125W	-15.74
YOL126C	-19.23
YOL127W	-2.32
YOL128C	-0.58
YOL129W	-7.10
YOL130W	-49.94
YOL131W	
YOL132W	
YOL133W	-5.84
YOL134C	
YOL135C	-2.24
YOL136C	-52.82
YOL137W	-12.50
YOL138C	
YOL139C	-8.72
YOL140W	-62.93
YOL141W	-5.29
YOL142W	-2.69
YOL143C	-8.89
YOL144W	-11.00
YOL145C	-8.54
YOL146W	-3.63
YOL147C	-3.42
YOL148C	
YOL149W	
YOL150C	
YOL151W	-1.44
YOL152W	-0.21
YOL154W	-20.65
YOL155C	-11.24
YOL155W-A	
YOL156W	
YOL157C	-7.54
YOL158C	-16.63
YOL159C	-5.73
YOL159C-A	-16.40
YOL160W	
YOL161C	
YOL162W	-15.61
YOL163W	-173.90
YOL164W	-41.17
YOL164W-A	
YOL165C	
YOL166C	
YOL166W-A	
YOR001W	-6.87
YOR002W	-14.13
YOR003W	-7.31
YOR004W	-8.17
YOR005C	-5.27
YOR006C	-8.25
YOR007C	-4.31
YOR008C	-39.02
YOR008C-A	
YOR008W-B	-68.77
YOR009W	-155.21
YOR010C	-84.76
YOR011W	
YOR011W-A	
YOR012W	-11.26
YOR013W	-52.08
YOR014W	-35.65
YOR015W	-360.29
YOR016C	-17.12
YOR017W	-8.40
YOR018W	-4.72
YOR019W	
YOR020C	-2.64
YOR020W-A	-16.65
YOR021C	-6.78
YOR022C	-5.46
YOR023C	-16.76
YOR024W	
YOR025W	-1.91
YOR026W	-3.06
YOR027W	-5.71
YOR028C	-54.10
YOR029W	
YOR030W	-19.57
YOR032C	-33.27
YOR032W-A	-640.64
YOR033C	-27.89
YOR034C	-38.69
YOR034C-A	-288.46
YOR035C	-3.74
YOR036W	-5.29
YOR037W	-1.75
YOR038C	-9.12
YOR039W	-31.34
YOR040W	-13.01
YOR041C	-340.15
YOR042W	-10.05
YOR043W	-88.59
YOR044W	-48.03
YOR045W	-3.63
YOR046C	-4.88
YOR047C	-28.73
YOR048C	-11.63
YOR049C	-48.06
YOR050C	-173.40
YOR051C	-5.49
YOR052C	-22.05
YOR053W	
YOR054C	-30.76
YOR055W	
YOR056C	-13.93
YOR057W	-14.80
YOR058C	-28.50
YOR059C	-6.33
YOR060C	-8.64
YOR061W	-21.16
YOR062C	-46.17
YOR063W	-1.70
YOR064C	-9.50
YOR065W	-42.75
YOR066W	-5.11
YOR067C	-11.90
YOR068C	
YOR069W	-13.10
YOR070C	-34.30
YOR071C	-16.57
YOR072W	
YOR072W-A	
YOR072W-B	
YOR073W	-11.84
YOR073W-A	
YOR074C	-5.05
YOR075W	-3.66
YOR076C	-2.95
YOR077W	-9.24
YOR078W	-7.33
YOR079C	-7.76
YOR080W	-3.80
YOR081C	-11.60
YOR082C	
YOR083W	-7.84
YOR084W	-165.16
YOR085W	-10.20
YOR086C	-48.67
YOR087W	-13.80
YOR089C	-4.00
YOR090C	-21.15
YOR091W	-10.34
YOR092W	-6.97
YOR093C	
YOR094W	-15.36
YOR095C	-13.99
YOR096W	-7.09
YOR097C	-15.66
YOR098C	-18.11
YOR099W	-16.43
YOR100C	-6.74
YOR101W	-15.82
YOR102W	
YOR103C	-5.05
YOR104W	-9.67
YOR105W	-156.43
YOR106W	-10.21
YOR107W	-56.93
YOR108C-A	
YOR108W	-17.57
YOR109W	-28.13
YOR110W	-9.07
YOR111W	-4.91
YOR112W	-14.64
YOR113W	-8.51
YOR114W	-32.56
YOR115C	-6.62
YOR116C	-49.21
YOR117W	-14.86
YOR118W	-41.89
YOR119C	-18.23
YOR120W	-5.03
YOR121C	
YOR122C	-6.57
YOR123C	-15.62
YOR124C	-21.96
YOR125C	-15.28
YOR126C	-7.48
YOR127W	-65.12
YOR128C	-3.06
YOR129C	-19.04
YOR130C	-10.72
YOR131C	-16.30
YOR132W	-13.71
YOR133W	-10.56
YOR134W	
YOR135C	
YOR136W	-16.10
YOR137C	-43.94
YOR138C	-11.92
YOR139C	
YOR140W	-59.53
YOR141C	-3.62
YOR142W	-33.80
YOR143C	-20.08
YOR144C	-10.38
YOR145C	-4.55
YOR146W	-31.31
YOR147W	-6.54
YOR148C	-5.06
YOR149C	-11.82
YOR150W	-5.05
YOR151C	-50.47
YOR152C	-34.87
YOR153W	
YOR154W	-4.42
YOR155C	-4.15
YOR156C	-27.52
YOR157C	-12.80
YOR158W	-3.32
YOR159C	-7.41
YOR160W	-10.70
YOR161C	-22.74
YOR161C-C	
YOR161W-A	-114.40
YOR161W-B	-213.63
YOR162C	-30.66
YOR163W	-9.81
YOR164C	-6.14
YOR165W	-8.96
YOR166C	-8.16
YOR167C	-2.37
YOR168W	-4.99
YOR169C	
YOR170W	
YOR171C	-13.25
YOR172W	-11.93
YOR173W	-8.11
YOR174W	-20.56
YOR175C	-22.72
YOR176W	-10.51
YOR177C	
YOR178C	
YOR179C	-4.83
YOR180C	-111.87
YOR181W	-17.68
YOR182C	-3.46
YOR183W	
YOR184W	-15.42
YOR185C	-9.04
YOR186C-A	
YOR186W	-12.84
YOR187W	-15.51
YOR188W	-14.55
YOR189W	-4.12
YOR190W	-55.06
YOR191W	
YOR192C	-144.39
YOR192C-C	
YOR193W	-19.47
YOR194C	-13.34
YOR195W	-15.76
YOR196C	-3.73
YOR197W	-4.97
YOR198C	-12.32
YOR199W	-0.32
YOR200W	
YOR201C	-7.84
YOR202W	-3.26
YOR203W	
YOR204W	-4.68
YOR205C	-6.92
YOR206W	-4.53
YOR207C	-11.49
YOR208W	-41.97
YOR209C	-31.12
YOR210W	-6.18
YOR211C	-48.43
YOR212W	-48.61
YOR213C	-16.34
YOR214C	
YOR215C	-5.36
YOR216C	-8.06
YOR217W	-16.46
YOR218C	
YOR219C	-14.09
YOR220W	-2.28
YOR221C	-17.06
YOR222W	-19.06
YOR223W	-8.32
YOR224C	-6.91
YOR225W	
YOR226C	-8.17
YOR227W	-33.70
YOR228C	-53.58
YOR229W	-13.33
YOR230W	-8.68
YOR231C-A	
YOR231W	-35.43
YOR232W	-23.14
YOR233W	-33.53
YOR234C	-2.61
YOR235W	
YOR236W	-4.63
YOR237W	
YOR238W	-5.57
YOR239W	-7.27
YOR241W	-98.60
YOR242C	
YOR243C	-8.34
YOR244W	-9.30
YOR245C	-38.06
YOR246C	-15.84
YOR247W	-26.08
YOR248W	-88.98
YOR249C	-3.63
YOR250C	-4.93
YOR251C	-2.51
YOR252W	-2.57
YOR253W	-6.14
YOR254C	-2.80
YOR255W	-67.24
YOR256C	-32.67
YOR257W	-3.19
YOR258W	-3.27
YOR259C	-0.61
YOR260W	-8.08
YOR261C	-17.52
YOR262W	-8.50
YOR263C	
YOR264W	-10.67
YOR265W	-4.65
YOR266W	-6.89
YOR267C	-32.41
YOR268C	
YOR269W	-21.48
YOR270C	-39.47
YOR271C	-2.80
YOR272W	-4.67
YOR273C	-12.18
YOR274W	-1.14
YOR275C	-2.36
YOR276W	-4.49
YOR277C	
YOR278W	-5.03
YOR279C	-18.01
YOR280C	-0.91
YOR281C	-7.99
YOR282W	
YOR283W	-17.28
YOR284W	-10.40
YOR285W	-1.74
YOR286W	-2.81
YOR287C	-2.99
YOR288C	-7.86
YOR289W	-6.08
YOR290C	
YOR291W	
YOR292C	-5.67
YOR293C-A	-8.93
YOR293W	-6.13
YOR294W	-6.13
YOR295W	-10.69
YOR296W	
YOR297C	-4.86
YOR298C-A	-10.30
YOR298W	
YOR299W	-16.64
YOR300W	-602.33
YOR301W	-9.74
YOR302W	-19.62
YOR303W	-8.92
YOR304C-A	-2.53
YOR304W	-35.89
YOR305W	-7.37
YOR306C	-23.59
YOR307C	-26.77
YOR308C	-0.86
YOR309C	-348.58
YOR310C	-4.62
YOR311C	-11.94
YOR312C	-5.67
YOR313C	-120.79
YOR314W	
YOR314W-A	
YOR315W	-9.55
YOR316C	-28.12
YOR316C-A	-67.63
YOR317W	-4.01
YOR318C	-22.27
YOR319W	-2.39
YOR320C	-24.58
YOR321W	-11.41
YOR322C	-50.31
YOR323C	-5.02
YOR324C	-36.62
YOR325W	-185.96
YOR326W	-48.38
YOR327C	-18.02
YOR328W	
YOR329C	-18.75
YOR329W-A	
YOR330C	
YOR331C	
YOR332W	-5.25
YOR333C	-15.99
YOR334W	-5.60
YOR335C	-19.64
YOR335W-A	
YOR336W	-12.14
YOR337W	-13.89
YOR338W	-8.61
YOR339C	-0.31
YOR340C	-11.11
YOR341W	
YOR342C	-26.54
YOR343C	-53.22
YOR344C	-16.24
YOR345C	
YOR346W	-34.63
YOR347C	-7.56
YOR348C	-3.40
YOR349W	-3.25
YOR350C	-2.52
YOR351C	
YOR352W	-14.38
YOR353C	
YOR354C	-8.80
YOR355W	-97.10
YOR356W	-9.92
YOR357C	-0.18
YOR358W	-11.46
YOR359W	-23.06
YOR360C	-53.37
YOR361C	
YOR362C	-3.33
YOR363C	-32.49
YOR364W	
YOR365C	
YOR366W	-363.42
YOR367W	-2.86
YOR368W	-10.80
YOR369C	-8.78
YOR370C	-51.16
YOR371C	-17.12
YOR372C	-22.72
YOR373W	
YOR374W	-5.79
YOR375C	-10.00
YOR376W	
YOR376W-A	-130.88
YOR377W	-7.97
YOR378W	-14.65
YOR379C	
YOR380W	-38.49
YOR381W	-121.27
YOR381W-A	-244.38
YOR382W	-0.68
YOR383C	-0.89
YOR384W	-3.83
YOR385W	-5.69
YOR386W	-1.51
YOR387C	
YOR388C	
YOR389W	-6.04
YOR390W	-15.99
YOR391C	
YOR392W	
YOR393W	
YOR394C-A	
YOR394W	
YOR396C-A	
YOR396W	
YPL001W	-5.22
YPL002C	-9.27
YPL003W	-0.96
YPL004C	-4.79
YPL005W	-8.65
YPL006W	-6.40
YPL007C	-9.60
YPL008W	-52.24
YPL009C	-3.84
YPL010W	-8.73
YPL011C	-10.01
YPL012W	
YPL013C	-7.57
YPL014W	-9.58
YPL015C	-13.55
YPL016W	
YPL017C	-5.06
YPL018W	-5.56
YPL019C	-29.48
YPL020C	-21.62
YPL021W	
YPL022W	-16.95
YPL023C	-29.18
YPL024W	-17.98
YPL025C	-81.67
YPL026C	-8.73
YPL027W	-18.84
YPL028W	-9.61
YPL029W	-5.92
YPL030W	-12.56
YPL031C	-7.62
YPL032C	-33.89
YPL033C	-0.23
YPL034W	-71.13
YPL035C	
YPL036W	
YPL037C	-5.35
YPL038W	-10.13
YPL038W-A	
YPL039W	-9.03
YPL040C	-5.95
YPL041C	-8.27
YPL042C	-51.99
YPL043W	-7.45
YPL044C	
YPL045W	-19.31
YPL046C	-6.40
YPL047W	-23.14
YPL048W	-7.37
YPL049C	-12.80
YPL050C	-39.44
YPL051W	-4.56
YPL052W	-10.29
YPL053C	-19.65
YPL054W	-8.76
YPL055C	-2.47
YPL056C	-44.07
YPL057C	-30.00
YPL058C	
YPL059W	-10.55
YPL060W	-25.12
YPL061W	-1.99
YPL062W	-32.43
YPL063W	-24.49
YPL064C	-3.16
YPL065W	-1.77
YPL066W	-46.39
YPL067C	-10.62
YPL068C	-4.62
YPL069C	-6.49
YPL070W	-39.85
YPL071C	-13.44
YPL072W	-29.65
YPL073C	
YPL074W	-2.47
YPL075W	-16.07
YPL076W	-27.71
YPL077C	-1.84
YPL078C	-12.12
YPL079W	-7.05
YPL080C	
YPL081W	-3.93
YPL082C	
YPL083C	-12.29
YPL084W	-8.19
YPL085W	
YPL086C	-6.15
YPL087W	-19.87
YPL088W	-5.01
YPL089C	-49.95
YPL090C	-9.34
YPL091W	-4.20
YPL092W	-19.79
YPL093W	-10.33
YPL094C	-3.18
YPL095C	-6.04
YPL096C-A	-8.92
YPL096W	-1.60
YPL097W	-6.64
YPL098C	-5.10
YPL099C	-4.56
YPL100W	-9.37
YPL101W	-4.97
YPL102C	
YPL103C	-7.58
YPL104W	-9.81
YPL105C	-5.61
YPL106C	-5.93
YPL107W	-10.15
YPL108W	
YPL109C	-8.61
YPL110C	
YPL111W	-1.87
YPL112C	-11.74
YPL113C	-5.03
YPL114W	-11.88
YPL115C	-58.79
YPL116W	-42.13
YPL117C	-14.13
YPL118W	-18.16
YPL119C	-20.54
YPL119C-A	-215.11
YPL120W	-10.02
YPL121C	
YPL122C	-10.77
YPL123C	-6.56
YPL124W	-10.32
YPL125W	-33.77
YPL126W	
YPL127C	-1.41
YPL128C	-14.23
YPL129W	-12.35
YPL130W	
YPL131W	-4.97
YPL132W	-28.06
YPL133C	-23.41
YPL134C	-3.85
YPL135C-A	-65.38
YPL135W	-9.81
YPL136W	
YPL137C	-12.25
YPL138C	-3.10
YPL139C	-6.39
YPL140C	-42.48
YPL141C	
YPL142C	
YPL143W	-3.58
YPL144W	-7.03
YPL145C	-42.53
YPL146C	-4.26
YPL147W	-16.74
YPL148C	-35.21
YPL149W	-16.92
YPL150W	
YPL151C	-9.49
YPL152W	-4.53
YPL152W-A	-3.73
YPL153C	-18.87
YPL154C	-46.83
YPL155C	-2.68
YPL156C	-10.97
YPL157W	-26.92
YPL158C	-8.19
YPL159C	-23.27
YPL160W	-12.86
YPL161C	
YPL162C	-11.28
YPL163C	-3.89
YPL164C	-11.33
YPL165C	-0.98
YPL166W	-10.31
YPL167C	
YPL168W	-39.85
YPL169C	-7.18
YPL170W	-4.75
YPL171C	-2.73
YPL172C	-20.13
YPL173W	-5.01
YPL174C	-41.92
YPL175W	-5.99
YPL176C	-6.64
YPL177C	-24.20
YPL178W	-8.97
YPL179W	-21.00
YPL180W	-15.26
YPL181W	-22.22
YPL182C	
YPL183C	-5.92
YPL183W-A	-12.82
YPL184C	-97.58
YPL185W	-6.16
YPL186C	-11.98
YPL187W	-4.88
YPL188W	-5.54
YPL189C-A	-14.85
YPL189W	-33.59
YPL190C	-15.91
YPL191C	-9.15
YPL192C	-26.49
YPL193W	-6.43
YPL194W	-7.36
YPL195W	-1.29
YPL196W	-12.25
YPL197C	
YPL198W	-4.04
YPL199C	-6.41
YPL200W	-13.43
YPL201C	
YPL202C	-17.08
YPL203W	-37.57
YPL204W	-29.96
YPL205C	
YPL206C	-10.10
YPL207W	-18.77
YPL208W	-4.32
YPL209C	-8.58
YPL210C	-1.48
YPL211W	-8.62
YPL212C	-5.63
YPL213W	-5.39
YPL214C	-23.22
YPL215W	-3.81
YPL216W	
YPL217C	
YPL218W	-9.61
YPL219W	-9.95
YPL220W	-1.80
YPL221W	-54.23
YPL222C-A	
YPL222W	-17.20
YPL223C	-11.40
YPL224C	-3.43
YPL225W	-1.46
YPL226W	-3.96
YPL227C	-27.61
YPL228W	-23.65
YPL229W	-1.86
YPL230W	-8.69
YPL231W	
YPL232W	-30.34
YPL233W	-8.71
YPL234C	-12.56
YPL235W	-14.53
YPL236C	-16.46
YPL237W	-6.93
YPL238C	
YPL239W	-13.43
YPL240C	-5.59
YPL241C	-2.27
YPL242C	
YPL243W	-12.64
YPL244C	-6.74
YPL245W	-5.34
YPL246C	-11.27
YPL247C	
YPL248C	-8.06
YPL249C	-7.49
YPL249C-A	-5.89
YPL250C	-6.06
YPL250W-A	
YPL251W	
YPL252C	-6.77
YPL253C	-6.39
YPL254W	-49.66
YPL255W	-10.04
YPL256C	-22.48
YPL257W	-14.43
YPL258C	-156.62
YPL259C	-6.85
YPL260W	-16.73
YPL261C	-79.83
YPL262W	-22.71
YPL263C	-1.58
YPL264C	-1.02
YPL265W	-15.37
YPL266W	-10.27
YPL267W	-2.74
YPL268W	-11.06
YPL269W	-4.58
YPL270W	-6.42
YPL271W	-3.62
YPL272C	-212.50
YPL273W	-15.78
YPL274W	-14.13
YPL277C	
YPL278C	
YPL279C	
YPL280W	
YPL281C	
YPL282C	
YPL283C	
YPL283W-A	
YPL283W-B	
YPR001W	-13.10
YPR002C-A	
YPR002W	-3.31
YPR003C	-9.94
YPR004C	-11.91
YPR005C	-39.88
YPR006C	-12.35
YPR007C	
YPR008W	-62.12
YPR009W	-23.47
YPR010C	-7.37
YPR010C-A	-2.72
YPR011C	-22.31
YPR012W	
YPR013C	-112.18
YPR014C	
YPR015C	-10.47
YPR016C	-16.61
YPR016W-A	
YPR017C	-9.34
YPR018W	-19.81
YPR019W	-14.10
YPR020W	-6.80
YPR021C	
YPR022C	-15.21
YPR023C	-9.77
YPR024W	-29.02
YPR025C	-2.02
YPR026W	
YPR027C	
YPR028W	-9.50
YPR029C	-11.17
YPR030W	-2.49
YPR031W	-8.94
YPR032W	-5.64
YPR033C	-3.00
YPR034W	-14.58
YPR035W	-14.90
YPR036W	-6.83
YPR036W-A	-3.94
YPR037C	-9.30
YPR038W	
YPR039W	
YPR040W	-0.43
YPR041W	-16.83
YPR042C	
YPR043W	-4.10
YPR044C	
YPR045C	-13.51
YPR046W	-2.00
YPR047W	-7.57
YPR048W	-4.37
YPR049C	-11.75
YPR050C	
YPR051W	-5.40
YPR052C	-3.00
YPR053C	-325.87
YPR054W	-202.39
YPR055W	-7.04
YPR056W	-6.45
YPR057W	-2.41
YPR058W	-8.64
YPR059C	-108.50
YPR060C	-10.43
YPR061C	-4.85
YPR062W	-4.24
YPR063C	-2.02
YPR064W	-576.13
YPR065W	-4.90
YPR066W	-1.04
YPR067W	-11.59
YPR068C	-2.54
YPR069C	-3.79
YPR070W	-6.09
YPR071W	-3.17
YPR072W	-16.67
YPR073C	-8.15
YPR074C	-8.97
YPR074W-A	
YPR075C	-12.18
YPR076W	
YPR077C	
YPR078C	
YPR079W	-14.69
YPR080W	-4.08
YPR081C	-1.30
YPR082C	-6.93
YPR083W	-4.17
YPR084W	-33.12
YPR085C	-21.18
YPR086W	-7.55
YPR087W	
YPR088C	-9.15
YPR089W	-14.52
YPR091C	-6.40
YPR092W	
YPR093C	-15.33
YPR094W	-1.24
YPR095C	
YPR096C	
YPR097W	-53.84
YPR098C	-4.90
YPR099C	-17.05
YPR100W	-6.82
YPR101W	-4.67
YPR102C	-4.62
YPR103W	-6.12
YPR104C	-56.67
YPR105C	-14.68
YPR106W	-2.56
YPR107C	-11.37
YPR108W	-16.70
YPR108W-A	
YPR109W	-27.58
YPR110C	-1.98
YPR111W	-7.02
YPR112C	-7.38
YPR113W	-4.05
YPR114W	-14.90
YPR115W	-51.65
YPR116W	-2.87
YPR117W	
YPR118W	-6.32
YPR119W	-68.82
YPR120C	-21.54
YPR121W	-32.07
YPR122W	
YPR123C	-274.98
YPR124W	-34.05
YPR125W	-17.58
YPR126C	
YPR127W	-4.74
YPR128C	-10.67
YPR129W	-7.76
YPR130C	
YPR131C	-4.04
YPR132W	-2.77
YPR133C	-16.60
YPR133W-A	-7.84
YPR134W	-3.74
YPR135W	-11.75
YPR136C	
YPR137W	-10.82
YPR138C	-58.11
YPR139C	-11.15
YPR140W	-16.21
YPR141C	-33.54
YPR142C	
YPR143W	-9.73
YPR144C	-4.53
YPR145C-A	
YPR145W	-10.82
YPR146C	-261.84
YPR147C	-15.59
YPR148C	-11.53
YPR149W	-22.29
YPR150W	
YPR151C	-11.13
YPR152C	-8.37
YPR153W	-6.21
YPR154W	-9.40
YPR155C	-8.75
YPR156C	-44.59
YPR157W	-39.10
YPR158W	-11.95
YPR159C-A	
YPR159W	-38.40
YPR160C-A	
YPR160W	-22.59
YPR160W-A	-203.42
YPR161C	-9.08
YPR162C	-2.94
YPR163C	-10.78
YPR164W	
YPR165W	-39.36
YPR166C	-6.76
YPR167C	-9.45
YPR168W	-1.04
YPR169W	-8.26
YPR169W-A	-2.62
YPR170C	-58.13
YPR170W-A	-41.98
YPR170W-B	-2.62
YPR171W	-9.37
YPR172W	-8.55
YPR173C	-9.36
YPR174C	-7.56
YPR175W	-8.38
YPR176C	-2.70
YPR177C	
YPR178W	-5.02
YPR179C	-6.77
YPR180W	-5.06
YPR181C	-11.03
YPR182W	-8.00
YPR183W	-2.01
YPR184W	
YPR185W	-70.91
YPR186C	-4.78
YPR187W	-4.34
YPR188C	-2.58
YPR189W	-2.54
YPR190C	-5.71
YPR191W	-11.24
YPR192W	-3.76
YPR193C	-116.61
YPR194C	-62.50
YPR195C	-7.57
YPR196W	-5.95
YPR197C	
YPR198W	-6.55
YPR199C	-2.94
YPR200C	-376.73
YPR201W	-26.71
YPR202W	
YPR203W	
YPR204C-A	
YPR204W	
